1;Abanico Goblin;/IMG/11797.png;3;11797;La carta tiene numero #11797 y se llama Abanico Goblin siendo una carta de tipo 3.
2;Acechador del Cra¡neo;/IMG/11336.png;2;11336;La carta tiene numero #11336 y se llama Acechador del Cra¡neo siendo una carta de tipo 2.
3;Aerosol Erradicador;/IMG/11772.png;1;11772;La carta tiene numero #11772 y se llama Aerosol Erradicador siendo una carta de tipo 1.
4;Agresor Oscuro;/IMG/11351.png;2;11351;La carta tiene numero #11351 y se llama Agresor Oscuro siendo una carta de tipo 2.
5;Agua Helada;/IMG/11541.png;2;11541;La carta tiene numero #11541 y se llama Agua Helada siendo una carta de tipo 2.
6;aguila Alada;/IMG/11574.png;2;11574;La carta tiene numero #11574 y se llama aguila Alada siendo una carta de tipo 2.
7;aguila Castigada;/IMG/11575.png;2;11575;La carta tiene numero #11575 y se llama aguila Castigada siendo una carta de tipo 2.
8;Aguja Asesina;/IMG/11163.png;2;11163;La carta tiene numero #11163 y se llama Aguja Asesina siendo una carta de tipo 2.
9;Agujero Oscuro;/IMG/11446.png;1;11446;La carta tiene numero #11446 y se llama Agujero Oscuro siendo una carta de tipo 1.
10;Agujero Trampa de acido;/IMG/11795.png;3;11795;La carta tiene numero #11795 y se llama Agujero Trampa de acido siendo una carta de tipo 3.
11;Akakieisu;/IMG/11300.png;2;11300;La carta tiene numero #11300 y se llama Akakieisu siendo una carta de tipo 2.
12;Akihiron;/IMG/11260.png;2;11260;La carta tiene numero #11260 y se llama Akihiron siendo una carta de tipo 2.
13;Alambre Invisible;/IMG/11794.png;3;11794;La carta tiene numero #11794 y se llama Alambre Invisible siendo una carta de tipo 3.
14;Alas de la Llama Perversa;/IMG/11211.png;2;11211;La carta tiene numero #11211 y se llama Alas de la Llama Perversa siendo una carta de tipo 2.
15;Alcanzador de Garra;/IMG/11288.png;2;11288;La carta tiene numero #11288 y se llama Alcanzador de Garra siendo una carta de tipo 2.
16;Alinsection;/IMG/11587.png;2;11587;La carta tiene numero #11587 y se llama Alinsection siendo una carta de tipo 2.
17;Alma de Hinotama;/IMG/11320.png;2;11320;La carta tiene numero #11320 y se llama Alma de Hinotama siendo una carta de tipo 2.
18;Alma de la Pureza;/IMG/11451.png;1;11451;La carta tiene numero #11451 y se llama Alma de la Pureza siendo una carta de tipo 1.
19;Amante Feliz;/IMG/11308.png;2;11308;La carta tiene numero #11308 y se llama Amante Feliz siendo una carta de tipo 2.
20;Amazona de los Mares;/IMG/11736.png;2;11736;La carta tiene numero #11736 y se llama Amazona de los Mares siendo una carta de tipo 2.
21;Ameba;/IMG/11594.png;2;11594;La carta tiene numero #11594 y se llama Ameba siendo una carta de tipo 2.
22;Amistad Brillante;/IMG/11718.png;2;11718;La carta tiene numero #11718 y se llama Amistad Brillante siendo una carta de tipo 2.
23;Amo de los Sapos;/IMG/11250.png;2;11250;La carta tiene numero #11250 y se llama Amo de los Sapos siendo una carta de tipo 2.
24;Amo de Trampa;/IMG/11334.png;2;11334;La carta tiene numero #11334 y se llama Amo de Trampa siendo una carta de tipo 2.
25;Animal de Peluche;/IMG/11464.png;2;11464;La carta tiene numero #11464 y se llama Animal de Peluche siendo una carta de tipo 2.
26;Ansatsu;/IMG/11237.png;2;11237;La carta tiene numero #11237 y se llama Ansatsu siendo una carta de tipo 2.
27;Anthrosaurio;/IMG/11678.png;2;11678;La carta tiene numero #11678 y se llama Anthrosaurio siendo una carta de tipo 2.
28;Antiguo de las Profundidades;/IMG/11685.png;2;11685;La carta tiene numero #11685 y se llama Antiguo de las Profundidades siendo una carta de tipo 2.
29;Aprendiz de Bruja;/IMG/11738.png;2;11738;La carta tiene numero #11738 y se llama Aprendiz de Bruja siendo una carta de tipo 2.
30;Araaa Cazadora;/IMG/11724.png;2;11724;La carta tiene numero #11724 y se llama Araaa Cazadora siendo una carta de tipo 2.
31;Araaa Karakuri;/IMG/11520.png;2;11520;La carta tiene numero #11520 y se llama Araaa Karakuri siendo una carta de tipo 2.
32;Araaa Lanzadora;/IMG/11500.png;2;11500;La carta tiene numero #11500 y se llama Araaa Lanzadora siendo una carta de tipo 2.
33;arbol Antiguo de la Iluminacian;/IMG/11383.png;2;11383;La carta tiene numero #11383 y se llama arbol Antiguo de la Iluminacian siendo una carta de tipo 2.
34;Archidemonio Marmot de la Infamia;/IMG/11312.png;2;11312;La carta tiene numero #11312 y se llama Archidemonio Marmot de la Infamia siendo una carta de tipo 2.
35;Arco y Flecha de Plateados;/IMG/11422.png;4;11422;La carta tiene numero #11422 y se llama Arco y Flecha de Plateados siendo una carta de tipo 4.
36;Arena Mastica;/IMG/11641.png;2;11641;La carta tiene numero #11641 y se llama Arena Mastica siendo una carta de tipo 2.
37;Arlownay;/IMG/11290.png;2;11290;La carta tiene numero #11290 y se llama Arlownay siendo una carta de tipo 2.
38;4diller de Piedra;/IMG/11367.png;2;11367;La carta tiene numero #11367 y se llama 4diller de Piedra siendo una carta de tipo 2.
39;4dillo Dado;/IMG/11533.png;2;11533;La carta tiene numero #11533 y se llama 4dillo Dado siendo una carta de tipo 2.
40;4dura de Caaan La¡ser;/IMG/11415.png;4;11415;La carta tiene numero #11415 y se llama 4dura de Caaan La¡ser siendo una carta de tipo 4.
41;4dura de Ojo;/IMG/11295.png;2;11295;La carta tiene numero #11295 y se llama 4dura de Ojo siendo una carta de tipo 2.
42;4dura Dura;/IMG/11266.png;2;11266;La carta tiene numero #11266 y se llama 4dura Dura siendo una carta de tipo 2.
43;4dura Insecto con Caaan La¡ser;/IMG/11416.png;4;11416;La carta tiene numero #11416 y se llama 4dura Insecto con Caaan La¡ser siendo una carta de tipo 4.
44;4ill;/IMG/11282.png;2;11282;La carta tiene numero #11282 y se llama 4ill siendo una carta de tipo 2.
45;Artista oscuro;/IMG/11398.png;2;11398;La carta tiene numero #11398 y se llama Artista oscuro siendo una carta de tipo 2.
46;Asaltante de Tierra Bugroth;/IMG/11385.png;2;11385;La carta tiene numero #11385 y se llama Asaltante de Tierra Bugroth siendo una carta de tipo 2.
47;Asesino de la Espada;/IMG/11515.png;2;11515;La carta tiene numero #11515 y se llama Asesino de la Espada siendo una carta de tipo 2.
48;Atacante Ma¡quina;/IMG/11758.png;2;11758;La carta tiene numero #11758 y se llama Atacante Ma¡quina siendo una carta de tipo 2.
49;Ataque Kaminari;/IMG/11568.png;2;11568;La carta tiene numero #11568 y se llama Ataque Kaminari siendo una carta de tipo 2.
50;Ave de Cra¡neo Rojo;/IMG/11576.png;2;11576;La carta tiene numero #11576 y se llama Ave de Cra¡neo Rojo siendo una carta de tipo 2.
51;Ave de Fe;/IMG/11235.png;2;11235;La carta tiene numero #11235 y se llama Ave de Fe siendo una carta de tipo 2.
52;Ave Monstruosa;/IMG/11632.png;2;11632;La carta tiene numero #11632 y se llama Ave Monstruosa siendo una carta de tipo 2.
53;Ballena Fortaleza;/IMG/11828.png;2;11828;La carta tiene numero #11828 y se llama Ballena Fortaleza siendo una carta de tipo 2.
54;Baratija de la Suerte;/IMG/11293.png;2;11293;La carta tiene numero #11293 y se llama Baratija de la Suerte siendo una carta de tipo 2.
55;Barox;/IMG/11196.png;2;11196;La carta tiene numero #11196 y se llama Barox siendo una carta de tipo 2.
56;Beba Dragan;/IMG/11114.png;2;11114;La carta tiene numero #11114 y se llama Beba Dragan siendo una carta de tipo 2.
57;Behegon;/IMG/11660.png;2;11660;La carta tiene numero #11660 y se llama Behegon siendo una carta de tipo 2.
58;Bestia de Cable Tendido;/IMG/11569.png;2;11569;La carta tiene numero #11569 y se llama Bestia de Cable Tendido siendo una carta de tipo 2.
59;Bestia Embrionaria;/IMG/11364.png;2;11364;La carta tiene numero #11364 y se llama Bestia Embrionaria siendo una carta de tipo 2.
60;Bestia Laquida;/IMG/11715.png;2;11715;La carta tiene numero #11715 y se llama Bestia Laquida siendo una carta de tipo 2.
61;Bestia marina;/IMG/11727.png;2;11727;La carta tiene numero #11727 y se llama Bestia marina siendo una carta de tipo 2.
62;Bestia Pa¡lida;/IMG/11707.png;2;11707;La carta tiene numero #11707 y se llama Bestia Pa¡lida siendo una carta de tipo 2.
63;Bickuribox;/IMG/11495.png;2;11495;La carta tiene numero #11495 y se llama Bickuribox siendo una carta de tipo 2.
64;Bio Planta;/IMG/11405.png;2;11405;La carta tiene numero #11405 y se llama Bio Planta siendo una carta de tipo 2.
65;Bola de Agujas;/IMG/11600.png;2;11600;La carta tiene numero #11600 y se llama Bola de Agujas siendo una carta de tipo 2.
66;Boo Koo;/IMG/11596.png;2;11596;La carta tiene numero #11596 y se llama Boo Koo siendo una carta de tipo 2.
67;Bosque;/IMG/11440.png;3;11440;La carta tiene numero #11440 y se llama Bosque siendo una carta de tipo 3.
68;Bracchioraidus;/IMG/11619.png;2;11619;La carta tiene numero #11619 y se llama Bracchioraidus siendo una carta de tipo 2.
69;Brazo de Espada de Dragan;/IMG/11121.png;2;11121;La carta tiene numero #11121 y se llama Brazo de Espada de Dragan siendo una carta de tipo 2.
70;Brazo Derecho del Prohibido;/IMG/11129.png;2;11129;La carta tiene numero #11129 y se llama Brazo Derecho del Prohibido siendo una carta de tipo 2.
71;Brazo Izquierdo del Prohibido;/IMG/11130.png;2;11130;La carta tiene numero #11130 y se llama Brazo Izquierdo del Prohibido siendo una carta de tipo 2.
72;Bruja del Bosque Negro;/IMG/11684.png;2;11684;La carta tiene numero #11684 y se llama Bruja del Bosque Negro siendo una carta de tipo 2.
73;Bruja Enferma;/IMG/11732.png;2;11732;La carta tiene numero #11732 y se llama Bruja Enferma siendo una carta de tipo 2.
74;Bruja Oscura;/IMG/11692.png;2;11692;La carta tiene numero #11692 y se llama Bruja Oscura siendo una carta de tipo 2.
75;Brujo Enmascarado;/IMG/11330.png;2;11330;La carta tiene numero #11330 y se llama Brujo Enmascarado siendo una carta de tipo 2.
76;Buey de Batalla;/IMG/11136.png;2;11136;La carta tiene numero #11136 y se llama Buey de Batalla siendo una carta de tipo 2.
77;Bugroth Amfibio;/IMG/11749.png;2;11749;La carta tiene numero #11749 y se llama Bugroth Amfibio siendo una carta de tipo 2.
78;Caballero 4;/IMG/11306.png;2;11306;La carta tiene numero #11306 y se llama Caballero 4 siendo una carta de tipo 2.
79;Caballero Cucaracha;/IMG/11589.png;2;11589;La carta tiene numero #11589 y se llama Caballero Cucaracha siendo una carta de tipo 2.
80;Caballero del Cra¡neo;/IMG/11817.png;2;11817;La carta tiene numero #11817 y se llama Caballero del Cra¡neo siendo una carta de tipo 2.
81;Caballero Pingaino;/IMG/11309.png;2;11309;La carta tiene numero #11309 y se llama Caballero Pingaino siendo una carta de tipo 2.
82;Caballero Succubus;/IMG/11731.png;2;11731;La carta tiene numero #11731 y se llama Caballero Succubus siendo una carta de tipo 2.
83;Cadena de Aprisionamiento;/IMG/11694.png;2;11694;La carta tiene numero #11694 y se llama Cadena de Aprisionamiento siendo una carta de tipo 2.
84;Cadena Mastica de Captura;/IMG/11244.png;2;11244;La carta tiene numero #11244 y se llama Cadena Mastica de Captura siendo una carta de tipo 2.
85;Caima¡n Toon;/IMG/11491.png;2;11491;La carta tiene numero #11491 y se llama Caima¡n Toon siendo una carta de tipo 2.
86;Caaan de Dh4;/IMG/11654.png;2;11654;La carta tiene numero #11654 y se llama Caaan de Dh4 siendo una carta de tipo 2.
87;Caparazan de Acero;/IMG/11419.png;4;11419;La carta tiene numero #11419 y se llama Caparazan de Acero siendo una carta de tipo 4.
88;Capullo Evolutivo;/IMG/11182.png;2;11182;La carta tiene numero #11182 y se llama Capullo Evolutivo siendo una carta de tipo 2.
89;Caracol con Paas;/IMG/11251.png;2;11251;La carta tiene numero #11251 y se llama Caracol con Paas siendo una carta de tipo 2.
90;Caracol del Rayo;/IMG/11570.png;2;11570;La carta tiene numero #11570 y se llama Caracol del Rayo siendo una carta de tipo 2.
91;Caracol Meca¡nico;/IMG/11695.png;2;11695;La carta tiene numero #11695 y se llama Caracol Meca¡nico siendo una carta de tipo 2.
92;Casa de Cinta Adhesiva;/IMG/11791.png;3;11791;La carta tiene numero #11791 y se llama Casa de Cinta Adhesiva siendo una carta de tipo 3.
93;Castillo de las Ilusiones Oscuras;/IMG/11193.png;2;11193;La carta tiene numero #11193 y se llama Castillo de las Ilusiones Oscuras siendo una carta de tipo 2.
94;Cazador de asoula;/IMG/11581.png;2;11581;La carta tiene numero #11581 y se llama Cazador de asoula siendo una carta de tipo 2.
95;Cazador de Cuello;/IMG/11636.png;2;11636;La carta tiene numero #11636 y se llama Cazador de Cuello siendo una carta de tipo 2.
96;Cazador de Dragones;/IMG/11610.png;2;11610;La carta tiene numero #11610 y se llama Cazador de Dragones siendo una carta de tipo 2.
97;Cazameca¡nico;/IMG/11525.png;2;11525;La carta tiene numero #11525 y se llama Cazameca¡nico siendo una carta de tipo 2.
98;Cementerio de Mamuts;/IMG/11169.png;2;11169;La carta tiene numero #11169 y se llama Cementerio de Mamuts siendo una carta de tipo 2.
99;Cementerio y la Mano de la Invitacian;/IMG/11218.png;2;11218;La carta tiene numero #11218 y se llama Cementerio y la Mano de la Invitacian siendo una carta de tipo 2.
100;Centinela de los Mares;/IMG/11555.png;2;11555;La carta tiene numero #11555 y se llama Centinela de los Mares siendo una carta de tipo 2.
101;Cerebro Antiguo;/IMG/11285.png;2;11285;La carta tiene numero #11285 y se llama Cerebro Antiguo siendo una carta de tipo 2.
102;Cerebrus de Llamas;/IMG/11639.png;2;11639;La carta tiene numero #11639 y se llama Cerebrus de Llamas siendo una carta de tipo 2.
103;Chakra;/IMG/11819.png;2;11819;La carta tiene numero #11819 y se llama Chakra siendo una carta de tipo 2.
104;Charubin, el Caballero del Fuego;/IMG/11243.png;2;11243;La carta tiene numero #11243 y se llama Charubin, el Caballero del Fuego siendo una carta de tipo 2.
105;Chica Agua;/IMG/11545.png;2;11545;La carta tiene numero #11545 y se llama Chica Agua siendo una carta de tipo 2.
106;Chico Estrella;/IMG/11634.png;2;11634;La carta tiene numero #11634 y se llama Chico Estrella siendo una carta de tipo 2.
107;Chispas;/IMG/11453.png;1;11453;La carta tiene numero #11453 y se llama Chispas siendo una carta de tipo 1.
108;Ciber Comandante;/IMG/11531.png;2;11531;La carta tiene numero #11531 y se llama Ciber Comandante siendo una carta de tipo 2.
109;Ciber Escudo;/IMG/11427.png;4;11427;La carta tiene numero #11427 y se llama Ciber Escudo siendo una carta de tipo 4.
110;Ciber Soldado;/IMG/11523.png;2;11523;La carta tiene numero #11523 y se llama Ciber Soldado siendo una carta de tipo 2.
111;Caber Soldado de lo Oscuro;/IMG/11407.png;2;11407;La carta tiene numero #11407 y se llama Caber Soldado de lo Oscuro siendo una carta de tipo 2.
112;CiberSaurio;/IMG/11618.png;2;11618;La carta tiene numero #11618 y se llama CiberSaurio siendo una carta de tipo 2.
113;Ciberstein;/IMG/11530.png;2;11530;La carta tiene numero #11530 y se llama Ciberstein siendo una carta de tipo 2.
114;Carculo Atahechizos;/IMG/11459.png;1;11459;La carta tiene numero #11459 y se llama Carculo Atahechizos siendo una carta de tipo 1.
115;Colgante Negro;/IMG/11421.png;4;11421;La carta tiene numero #11421 y se llama Colgante Negro siendo una carta de tipo 4.
116;Colmillo Plateado;/IMG/11175.png;2;11175;La carta tiene numero #11175 y se llama Colmillo Plateado siendo una carta de tipo 2.
117;Colmillos de Bestia;/IMG/11418.png;4;11418;La carta tiene numero #11418 y se llama Colmillos de Bestia siendo una carta de tipo 4.
118;Comilan de Zona;/IMG/11503.png;2;11503;La carta tiene numero #11503 y se llama Comilan de Zona siendo una carta de tipo 2.
119;Conejo Oscuro;/IMG/11494.png;2;11494;La carta tiene numero #11494 y se llama Conejo Oscuro siendo una carta de tipo 2.
120;Contrato de Ma¡scara;/IMG/11803.png;1;11803;La carta tiene numero #11803 y se llama Contrato de Ma¡scara siendo una carta de tipo 1.
121;Control del Clima;/IMG/11240.png;2;11240;La carta tiene numero #11240 y se llama Control del Clima siendo una carta de tipo 2.
122;Corona Alada Azul;/IMG/11746.png;2;11746;La carta tiene numero #11746 y se llama Corona Alada Azul siendo una carta de tipo 2.
123;Cortina de los Oscuros;/IMG/11214.png;2;11214;La carta tiene numero #11214 y se llama Cortina de los Oscuros siendo una carta de tipo 2.
124;Cra¡neo Convocado;/IMG/11132.png;2;11132;La carta tiene numero #11132 y se llama Cra¡neo Convocado siendo una carta de tipo 2.
125;Cristal Violeta;/IMG/11432.png;3;11432;La carta tiene numero #11432 y se llama Cristal Violeta siendo una carta de tipo 3.
126;Cuchilla Alada;/IMG/11319.png;2;11319;La carta tiene numero #11319 y se llama Cuchilla Alada siendo una carta de tipo 2.
127;Cuerno de Luz;/IMG/11423.png;4;11423;La carta tiene numero #11423 y se llama Cuerno de Luz siendo una carta de tipo 4.
128;Cuerno del Unicornio;/IMG/11424.png;4;11424;La carta tiene numero #11424 y se llama Cuerno del Unicornio siendo una carta de tipo 4.
129;Cuervo de Cola de La¡tigo;/IMG/11760.png;2;11760;La carta tiene numero #11760 y se llama Cuervo de Cola de La¡tigo siendo una carta de tipo 2.
130;Curry de Mooyan;/IMG/11448.png;1;11448;La carta tiene numero #11448 y se llama Curry de Mooyan siendo una carta de tipo 1.
131;Custodio;/IMG/11396.png;2;11396;La carta tiene numero #11396 y se llama Custodio siendo una carta de tipo 2.
132;D Pequeao;/IMG/11683.png;2;11683;La carta tiene numero #11683 y se llama D Pequeao siendo una carta de tipo 2.
133;D. Humano;/IMG/11612.png;2;11612;La carta tiene numero #11612 y se llama D. Humano siendo una carta de tipo 2.
134;Dama Arpaa;/IMG/11172.png;2;11172;La carta tiene numero #11172 y se llama Dama Arpaa siendo una carta de tipo 2.
135;Dama de la Fa;/IMG/11722.png;2;11722;La carta tiene numero #11722 y se llama Dama de la Fa siendo una carta de tipo 2.
136;Danza de Inicio;/IMG/11786.png;1;11786;La carta tiene numero #11786 y se llama Danza de Inicio siendo una carta de tipo 1.
137;Deeg de la Puerta;/IMG/11297.png;2;11297;La carta tiene numero #11297 y se llama Deeg de la Puerta siendo una carta de tipo 2.
138;Delfan Blanco;/IMG/11546.png;2;11546;La carta tiene numero #11546 y se llama Delfan Blanco siendo una carta de tipo 2.
139;Demonio de Medianoche;/IMG/11332.png;2;11332;La carta tiene numero #11332 y se llama Demonio de Medianoche siendo una carta de tipo 2.
140;Descanso Eterno;/IMG/11766.png;1;11766;La carta tiene numero #11766 y se llama Descanso Eterno siendo una carta de tipo 1.
141;Desdichado Fantasma del Desva¡n;/IMG/11673.png;2;11673;La carta tiene numero #11673 y se llama Desdichado Fantasma del Desva¡n siendo una carta de tipo 2.
142;Devorador de Aire;/IMG/11582.png;2;11582;La carta tiene numero #11582 y se llama Devorador de Aire siendo una carta de tipo 2.
143;Devoradora de Hombres;/IMG/11268.png;2;11268;La carta tiene numero #11268 y se llama Devoradora de Hombres siendo una carta de tipo 2.
144;Diablillo de Cuerno;/IMG/11135.png;2;11135;La carta tiene numero #11135 y se llama Diablillo de Cuerno siendo una carta de tipo 2.
145;Diablillo Salvaje;/IMG/11116.png;2;11116;La carta tiene numero #11116 y se llama Diablillo Salvaje siendo una carta de tipo 2.
146;Dian Keto, el Seaora de la Curacian;/IMG/11452.png;1;11452;La carta tiene numero #11452 y se llama Dian Keto, el Seaora de la Curacian siendo una carta de tipo 1.
147;Diosa con el Tercer Ojo;/IMG/11219.png;2;11219;La carta tiene numero #11219 y se llama Diosa con el Tercer Ojo siendo una carta de tipo 2.
148;Diosa del Capricho;/IMG/11539.png;2;11539;La carta tiene numero #11539 y se llama Diosa del Capricho siendo una carta de tipo 2.
149;Disuelverocas;/IMG/11354.png;2;11354;La carta tiene numero #11354 y se llama Disuelverocas siendo una carta de tipo 2.
150;Djinn, el Observador del Viento;/IMG/11254.png;2;11254;La carta tiene numero #11254 y se llama Djinn, el Observador del Viento siendo una carta de tipo 2.
151;Dokuroizo, el Segador;/IMG/11263.png;2;11263;La carta tiene numero #11263 y se llama Dokuroizo, el Segador siendo una carta de tipo 2.
152;Dokurorider;/IMG/11829.png;2;11829;La carta tiene numero #11829 y se llama Dokurorider siendo una carta de tipo 2.
153;Doma, el angel del Silencio;/IMG/11221.png;2;11221;La carta tiene numero #11221 y se llama Doma, el angel del Silencio siendo una carta de tipo 2.
154;Domador de Monstruos;/IMG/11486.png;2;11486;La carta tiene numero #11486 y se llama Domador de Monstruos siendo una carta de tipo 2.
155;Doncella de la Luz de la Luna;/IMG/11741.png;2;11741;La carta tiene numero #11741 y se llama Doncella de la Luz de la Luna siendo una carta de tipo 2.
156;Doncella Sanica;/IMG/11409.png;2;11409;La carta tiene numero #11409 y se llama Doncella Sanica siendo una carta de tipo 2.
157;Doron;/IMG/11305.png;2;11305;La carta tiene numero #11305 y se llama Doron siendo una carta de tipo 2.
158;Dorover;/IMG/11315.png;2;11315;La carta tiene numero #11315 y se llama Dorover siendo una carta de tipo 2.
159;Dragan Alado, Guardia¡n de la Fortaleza 1;/IMG/11117.png;2;11117;La carta tiene numero #11117 y se llama Dragan Alado, Guardia¡n de la Fortaleza 1 siendo una carta de tipo 2.
160;Dragan Alado, Guardia¡n de la Fortaleza 2;/IMG/11662.png;2;11662;La carta tiene numero #11662 y se llama Dragan Alado, Guardia¡n de la Fortaleza 2 siendo una carta de tipo 2.
161;Dragan Blanco de Ojos Azules;/IMG/11111.png;2;11111;La carta tiene numero #11111 y se llama Dragan Blanco de Ojos Azules siendo una carta de tipo 2.
162;Dragan de Aqua;/IMG/11552.png;2;11552;La carta tiene numero #11552 y se llama Dragan de Aqua siendo una carta de tipo 2.
163;Dragan de Cra¡neo Negro;/IMG/11327.png;2;11327;La carta tiene numero #11327 y se llama Dragan de Cra¡neo Negro siendo una carta de tipo 2.
164;Dragan de Fuego de la Tierra Negra;/IMG/11120.png;2;11120;La carta tiene numero #11120 y se llama Dragan de Fuego de la Tierra Negra siendo una carta de tipo 2.
165;Dragan de Fuego Oscuro;/IMG/11278.png;2;11278;La carta tiene numero #11278 y se llama Dragan de Fuego Oscuro siendo una carta de tipo 2.
166;Dragan de Koumori;/IMG/11141.png;2;11141;La carta tiene numero #11141 y se llama Dragan de Koumori siendo una carta de tipo 2.
167;Dragan de Metal;/IMG/11519.png;2;11519;La carta tiene numero #11519 y se llama Dragan de Metal siendo una carta de tipo 2.
168;Dragan de Ojos Azules Definitivo;/IMG/11490.png;2;11490;La carta tiene numero #11490 y se llama Dragan de Ojos Azules Definitivo siendo una carta de tipo 2.
169;Dragan de Piedra;/IMG/11536.png;2;11536;La carta tiene numero #11536 y se llama Dragan de Piedra siendo una carta de tipo 2.
170;Dragan de Tres Cuernos;/IMG/11815.png;2;11815;La carta tiene numero #11815 y se llama Dragan de Tres Cuernos siendo una carta de tipo 2.
171;Dragan de Trueno;/IMG/11535.png;2;11535;La carta tiene numero #11535 y se llama Dragan de Trueno siendo una carta de tipo 2.
172;Dragan de Trueno de Cabezas Gemelas;/IMG/11723.png;2;11723;La carta tiene numero #11723 y se llama Dragan de Trueno de Cabezas Gemelas siendo una carta de tipo 2.
173;Dragan Definitivo;/IMG/11785.png;1;11785;La carta tiene numero #11785 y se llama Dragan Definitivo siendo una carta de tipo 1.
174;Dragan del Cielo;/IMG/11534.png;2;11534;La carta tiene numero #11534 y se llama Dragan del Cielo siendo una carta de tipo 2.
175;Dragan Escudo de Ojo ašnico;/IMG/11406.png;2;11406;La carta tiene numero #11406 y se llama Dragan Escudo de Ojo ašnico siendo una carta de tipo 2.
176;Dragan Hada;/IMG/11713.png;2;11713;La carta tiene numero #11713 y se llama Dragan Hada siendo una carta de tipo 2.
177;Dragan Kaiser;/IMG/11537.png;2;11537;La carta tiene numero #11537 y se llama Dragan Kaiser siendo una carta de tipo 2.
178;Dragan Loro;/IMG/11493.png;2;11493;La carta tiene numero #11493 y se llama Dragan Loro siendo una carta de tipo 2.
179;Dragan Malvado con la Cabeza de Repuesto;/IMG/11408.png;2;11408;La carta tiene numero #11408 y se llama Dragan Malvado con la Cabeza de Repuesto siendo una carta de tipo 2.
180;Dragan Mascota de Arpaa;/IMG/11496.png;2;11496;La carta tiene numero #11496 y se llama Dragan Mascota de Arpaa siendo una carta de tipo 2.
181;Dragan Menor;/IMG/11671.png;2;11671;La carta tiene numero #11671 y se llama Dragan Menor siendo una carta de tipo 2.
182;Dragan Meteoro;/IMG/11822.png;2;11822;La carta tiene numero #11822 y se llama Dragan Meteoro siendo una carta de tipo 2.
183;Dragan Meteoro Negro;/IMG/11823.png;2;11823;La carta tiene numero #11823 y se llama Dragan Meteoro Negro siendo una carta de tipo 2.
184;Dragan Milenario;/IMG/11179.png;2;11179;La carta tiene numero #11179 y se llama Dragan Milenario siendo una carta de tipo 2.
185;Dragan Negro de Ojos Rojos;/IMG/11192.png;2;11192;La carta tiene numero #11192 y se llama Dragan Negro de Ojos Rojos siendo una carta de tipo 2.
186;Dragan Reptante;/IMG/11204.png;2;11204;La carta tiene numero #11204 y se llama Dragan Reptante siendo una carta de tipo 2.
187;Dragan Reptante 2;/IMG/11191.png;2;11191;La carta tiene numero #11191 y se llama Dragan Reptante 2 siendo una carta de tipo 2.
188;Dragan Rey de los Mares;/IMG/11553.png;2;11553;La carta tiene numero #11553 y se llama Dragan Rey de los Mares siendo una carta de tipo 2.
189;Dragan Serpiente de la Noche;/IMG/11816.png;2;11816;La carta tiene numero #11816 y se llama Dragan Serpiente de la Noche siendo una carta de tipo 2.
190;Dragan Serpiente de la Noche Resurrecto;/IMG/11801.png;1;11801;La carta tiene numero #11801 y se llama Dragan Serpiente de la Noche Resurrecto siendo una carta de tipo 1.
191;Dragoness, el Caballero Perverso;/IMG/11404.png;2;11404;La carta tiene numero #11404 y se llama Dragoness, el Caballero Perverso siendo una carta de tipo 2.
192;Dryad;/IMG/11326.png;2;11326;La carta tiene numero #11326 y se llama Dryad siendo una carta de tipo 2.
193;Duende Antiguo;/IMG/11543.png;2;11543;La carta tiene numero #11543 y se llama Duende Antiguo siendo una carta de tipo 2.
194;Duende Mastico;/IMG/11112.png;2;11112;La carta tiene numero #11112 y se llama Duende Mastico siendo una carta de tipo 2.
195;Duende Oscuro;/IMG/11661.png;2;11661;La carta tiene numero #11661 y se llama Duende Oscuro siendo una carta de tipo 2.
196;Eatgaboon;/IMG/11792.png;3;11792;La carta tiene numero #11792 y se llama Eatgaboon siendo una carta de tipo 3.
197;Egotista Elegante;/IMG/11428.png;4;11428;La carta tiene numero #11428 y se llama Egotista Elegante siendo una carta de tipo 4.
198;El Carnicero del Bistra;/IMG/11633.png;2;11633;La carta tiene numero #11633 y se llama El Carnicero del Bistra siendo una carta de tipo 2.
199;El Condenado Errante;/IMG/11666.png;2;11666;La carta tiene numero #11666 y se llama El Condenado Errante siendo una carta de tipo 2.
200;El Decimotercer Sepulcro;/IMG/11242.png;2;11242;La carta tiene numero #11242 y se llama El Decimotercer Sepulcro siendo una carta de tipo 2.
201;El Doble de la Reina;/IMG/11745.png;2;11745;La carta tiene numero #11745 y se llama El Doble de la Reina siendo una carta de tipo 2.
202;El Drdek;/IMG/11350.png;2;11350;La carta tiene numero #11350 y se llama El Drdek siendo una carta de tipo 2.
203;El Furioso Rey de los Mares;/IMG/11375.png;2;11375;La carta tiene numero #11375 y se llama El Furioso Rey de los Mares siendo una carta de tipo 2.
204;El Inmortal del Trueno;/IMG/11572.png;2;11572;La carta tiene numero #11572 y se llama El Inmortal del Trueno siendo una carta de tipo 2.
205;El Ladran Fantasma Encantador;/IMG/11255.png;2;11255;La carta tiene numero #11255 y se llama El Ladran Fantasma Encantador siendo una carta de tipo 2.
206;El Pelo de Serpiente;/IMG/11146.png;2;11146;La carta tiene numero #11146 y se llama El Pelo de Serpiente siendo una carta de tipo 2.
207;El Pequeao Espadachan de Aile;/IMG/11372.png;2;11372;La carta tiene numero #11372 y se llama El Pequeao Espadachan de Aile siendo una carta de tipo 2.
208;El que Caza Almas;/IMG/11356.png;2;11356;La carta tiene numero #11356 y se llama El que Caza Almas siendo una carta de tipo 2.
209;El Remedio Secreto del Trasgo;/IMG/11450.png;1;11450;La carta tiene numero #11450 y se llama El Remedio Secreto del Trasgo siendo una carta de tipo 1.
210;Eldeen;/IMG/11640.png;2;11640;La carta tiene numero #11640 y se llama Eldeen siendo una carta de tipo 2.
211;ElectroLa¡tigo;/IMG/11426.png;4;11426;La carta tiene numero #11426 y se llama ElectroLa¡tigo siendo una carta de tipo 4.
212;Elemento Agua;/IMG/11353.png;2;11353;La carta tiene numero #11353 y se llama Elemento Agua siendo una carta de tipo 2.
213;Elevar el Calor Corporal;/IMG/11436.png;3;11436;La carta tiene numero #11436 y se llama Elevar el Calor Corporal siendo una carta de tipo 3.
214;Elfo Danzante;/IMG/11505.png;2;11505;La carta tiene numero #11505 y se llama Elfo Danzante siendo una carta de tipo 2.
215;Elfo Gaminis;/IMG/11642.png;2;11642;La carta tiene numero #11642 y se llama Elfo Gaminis siendo una carta de tipo 2.
216;Elfo Huevo Alado;/IMG/11374.png;2;11374;La carta tiene numero #11374 y se llama Elfo Huevo Alado siendo una carta de tipo 2.
217;Eliminacian de 2s;/IMG/11763.png;1;11763;La carta tiene numero #11763 y se llama Eliminacian de 2s siendo una carta de tipo 1.
218;Emperador de la Tierra y el Mar;/IMG/11510.png;2;11510;La carta tiene numero #11510 y se llama Emperador de la Tierra y el Mar siendo una carta de tipo 2.
219;Energaa Oscura;/IMG/11413.png;4;11413;La carta tiene numero #11413 y se llama Energaa Oscura siendo una carta de tipo 4.
220;Entrenadora Hermosa de Bestias;/IMG/11544.png;2;11544;La carta tiene numero #11544 y se llama Entrenadora Hermosa de Bestias siendo una carta de tipo 2.
221;Enviado de la Luna;/IMG/11400.png;2;11400;La carta tiene numero #11400 y se llama Enviado de la Luna siendo una carta de tipo 2.
222;Escarabajo de la Jabalina;/IMG/11827.png;2;11827;La carta tiene numero #11827 y se llama Escarabajo de la Jabalina siendo una carta de tipo 2.
223;Escarabajo Harcules;/IMG/11162.png;2;11162;La carta tiene numero #11162 y se llama Escarabajo Harcules siendo una carta de tipo 2.
224;Escorpian de Acero;/IMG/11504.png;2;11504;La carta tiene numero #11504 y se llama Escorpian de Acero siendo una carta de tipo 2.
225;Escorpian de Pesadilla;/IMG/11226.png;2;11226;La carta tiene numero #11226 y se llama Escorpian de Pesadilla siendo una carta de tipo 2.
226;Escorpian Gigante de la Tundra;/IMG/11686.png;2;11686;La carta tiene numero #11686 y se llama Escorpian Gigante de la Tundra siendo una carta de tipo 2.
227;Escudo Milenario;/IMG/11472.png;2;11472;La carta tiene numero #11472 y se llama Escudo Milenario siendo una carta de tipo 2.
228;Eso que se Alimenta de la Vida;/IMG/11222.png;2;11222;La carta tiene numero #11222 y se llama Eso que se Alimenta de la Vida siendo una carta de tipo 2.
229;Espada de la Destruccian Oscura;/IMG/11412.png;4;11412;La carta tiene numero #11412 y se llama Espada de la Destruccian Oscura siendo una carta de tipo 4.
230;Espada Demonaaca;/IMG/11335.png;2;11335;La carta tiene numero #11335 y se llama Espada Demonaaca siendo una carta de tipo 2.
231;Espada G4;/IMG/11826.png;2;11826;La carta tiene numero #11826 y se llama Espada G4 siendo una carta de tipo 2.
232;Espada Legendaria;/IMG/11411.png;4;11411;La carta tiene numero #11411 y se llama Espada Legendaria siendo una carta de tipo 4.
233;Espadachan de la Llama;/IMG/11125.png;2;11125;La carta tiene numero #11125 y se llama Espadachan de la Llama siendo una carta de tipo 2.
234;Espadachan de una Tierra Lejana;/IMG/11509.png;2;11509;La carta tiene numero #11509 y se llama Espadachan de una Tierra Lejana siendo una carta de tipo 2.
235;Espadachan Vengador;/IMG/11488.png;2;11488;La carta tiene numero #11488 y se llama Espadachan Vengador siendo una carta de tipo 2.
236;Espadas de la Luz Reveladora;/IMG/11458.png;1;11458;La carta tiene numero #11458 y se llama Espadas de la Luz Reveladora siendo una carta de tipo 1.
237;Espectro de sombra;/IMG/11119.png;2;11119;La carta tiene numero #11119 y se llama Espectro de sombra siendo una carta de tipo 2.
238;Espectro Fantasma;/IMG/11313.png;2;11313;La carta tiene numero #11313 y se llama Espectro Fantasma siendo una carta de tipo 2.
239;Espejo Archidemonio;/IMG/11371.png;2;11371;La carta tiene numero #11371 y se llama Espejo Archidemonio siendo una carta de tipo 2.
240;Espejo de Cambio de Trabajo;/IMG/11213.png;2;11213;La carta tiene numero #11213 y se llama Espejo de Cambio de Trabajo siendo una carta de tipo 2.
241;Espejo Demonaaco;/IMG/11475.png;2;11475;La carta tiene numero #11475 y se llama Espejo Demonaaco siendo una carta de tipo 2.
242;Espinas de Darkworld;/IMG/11677.png;2;11677;La carta tiene numero #11677 y se llama Espinas de Darkworld siendo una carta de tipo 2.
243;Esparitu de la Montaaa;/IMG/11635.png;2;11635;La carta tiene numero #11635 y se llama Esparitu de la Montaaa siendo una carta de tipo 2.
244;Esparitu de los Libros;/IMG/11227.png;2;11227;La carta tiene numero #11227 y se llama Esparitu de los Libros siendo una carta de tipo 2.
245;Esparitu de los Vientos;/IMG/11216.png;2;11216;La carta tiene numero #11216 y se llama Esparitu de los Vientos siendo una carta de tipo 2.
246;Esparitu de Roca;/IMG/11729.png;2;11729;La carta tiene numero #11729 y se llama Esparitu de Roca siendo una carta de tipo 2.
247;Esparitu del Arpa;/IMG/11280.png;2;11280;La carta tiene numero #11280 y se llama Esparitu del Arpa siendo una carta de tipo 2.
248;Esqueleta¡ngel;/IMG/11650.png;2;11650;La carta tiene numero #11650 y se llama Esqueleta¡ngel siendo una carta de tipo 2.
249;Estatua Dragan;/IMG/11248.png;2;11248;La carta tiene numero #11248 y se llama Estatua Dragan siendo una carta de tipo 2.
250;Estrellas de Mar Blindadas;/IMG/11725.png;2;11725;La carta tiene numero #11725 y se llama Estrellas de Mar Blindadas siendo una carta de tipo 2.
251;Excavador Aplastador;/IMG/11524.png;2;11524;La carta tiene numero #11524 y se llama Excavador Aplastador siendo una carta de tipo 2.
252;Exhibician de Espada;/IMG/11811.png;2;11811;La carta tiene numero #11811 y se llama Exhibician de Espada siendo una carta de tipo 2.
253;Exodia, el Prohibido;/IMG/11131.png;2;11131;La carta tiene numero #11131 y se llama Exodia, el Prohibido siendo una carta de tipo 2.
254;Explorador Sombrao de Hiro;/IMG/11721.png;2;11721;La carta tiene numero #11721 y se llama Explorador Sombrao de Hiro siendo una carta de tipo 2.
255;Fa¡brica de Conversian de Ma¡quinas;/IMG/11435.png;3;11435;La carta tiene numero #11435 y se llama Fa¡brica de Conversian de Ma¡quinas siendo una carta de tipo 3.
256;Fantasma de Piedra;/IMG/11567.png;2;11567;La carta tiene numero #11567 y se llama Fantasma de Piedra siendo una carta de tipo 2.
257;Fantasma Dewan;/IMG/11289.png;2;11289;La carta tiene numero #11289 y se llama Fantasma Dewan siendo una carta de tipo 2.
258;Fantasma Flamagero;/IMG/11325.png;2;11325;La carta tiene numero #11325 y se llama Fantasma Flamagero siendo una carta de tipo 2.
259;Fantasma Ingenioso;/IMG/11246.png;2;11246;La carta tiene numero #11246 y se llama Fantasma Ingenioso siendo una carta de tipo 2.
260;Fantasma Ma¡gico;/IMG/11580.png;2;11580;La carta tiene numero #11580 y se llama Fantasma Ma¡gico siendo una carta de tipo 2.
261;Fireyarou;/IMG/11401.png;2;11401;La carta tiene numero #11401 y se llama Fireyarou siendo una carta de tipo 2.
262;Flor de Abismo;/IMG/11689.png;2;11689;La carta tiene numero #11689 y se llama Flor de Abismo siendo una carta de tipo 2.
263;Flor del Arco Iris;/IMG/11598.png;2;11598;La carta tiene numero #11598 y se llama Flor del Arco Iris siendo una carta de tipo 2.
264;Flor Risueaa;/IMG/11620.png;2;11620;La carta tiene numero #11620 y se llama Flor Risueaa siendo una carta de tipo 2.
265;Florero Viviente;/IMG/11698.png;2;11698;La carta tiene numero #11698 y se llama Florero Viviente siendo una carta de tipo 2.
266;Fuego Tremendo;/IMG/11457.png;1;11457;La carta tiene numero #11457 y se llama Fuego Tremendo siendo una carta de tipo 1.
267;Fusionador;/IMG/11299.png;2;11299;La carta tiene numero #11299 y se llama Fusionador siendo una carta de tipo 2.
268;Gaia el Caballero Feroz;/IMG/11148.png;2;11148;La carta tiene numero #11148 y se llama Gaia el Caballero Feroz siendo una carta de tipo 2.
269;Gaia el Campean Dragan;/IMG/11147.png;2;11147;La carta tiene numero #11147 y se llama Gaia el Campean Dragan siendo una carta de tipo 2.
270;Gaitero Dragan;/IMG/11150.png;2;11150;La carta tiene numero #11150 y se llama Gaitero Dragan siendo una carta de tipo 2.
271;Gale Dogra;/IMG/11616.png;2;11616;La carta tiene numero #11616 y se llama Gale Dogra siendo una carta de tipo 2.
272;Ganigumo;/IMG/11586.png;2;11586;La carta tiene numero #11586 y se llama Ganigumo siendo una carta de tipo 2.
273;Garoozis;/IMG/11178.png;2;11178;La carta tiene numero #11178 y se llama Garoozis siendo una carta de tipo 2.
274;Garvas;/IMG/11593.png;2;11593;La carta tiene numero #11593 y se llama Garvas siendo una carta de tipo 2.
275;Genin;/IMG/11294.png;2;11294;La carta tiene numero #11294 y se llama Genin siendo una carta de tipo 2.
276;Ghoul con Apetito;/IMG/11706.png;2;11706;La carta tiene numero #11706 y se llama Ghoul con Apetito siendo una carta de tipo 2.
277;Ghoul de las Sombras;/IMG/11478.png;2;11478;La carta tiene numero #11478 y se llama Ghoul de las Sombras siendo una carta de tipo 2.
278;Gigante HitotsuMe;/IMG/11113.png;2;11113;La carta tiene numero #11113 y se llama Gigante HitotsuMe siendo una carta de tipo 2.
279;Giganto;/IMG/11529.png;2;11529;La carta tiene numero #11529 y se llama Giganto siendo una carta de tipo 2.
280;Giltia el Caballero D.;/IMG/11499.png;2;11499;La carta tiene numero #11499 y se llama Giltia el Caballero D. siendo una carta de tipo 2.
281;Gobernador Oscuro Dos Bocas;/IMG/11328.png;2;11328;La carta tiene numero #11328 y se llama Gobernador Oscuro Dos Bocas siendo una carta de tipo 2.
282;Goblin Cuervo;/IMG/11687.png;2;11687;La carta tiene numero #11687 y se llama Goblin Cuervo siendo una carta de tipo 2.
283;Gokibore;/IMG/11164.png;2;11164;La carta tiene numero #11164 y se llama Gokibore siendo una carta de tipo 2.
284;Golem de Destructor;/IMG/11564.png;2;11564;La carta tiene numero #11564 y se llama Golem de Destructor siendo una carta de tipo 2.
285;Golem Milenario;/IMG/11563.png;2;11563;La carta tiene numero #11563 y se llama Golem Milenario siendo una carta de tipo 2.
286;Golgoil;/IMG/11528.png;2;11528;La carta tiene numero #11528 y se llama Golgoil siendo una carta de tipo 2.
287;Gorrian de Vermillion;/IMG/11583.png;2;11583;La carta tiene numero #11583 y se llama Gorrian de Vermillion siendo una carta de tipo 2.
288;Gran Blanco;/IMG/11170.png;2;11170;La carta tiene numero #11170 y se llama Gran Blanco siendo una carta de tipo 2.
289;Gran Mamut de Goldfine;/IMG/11674.png;2;11674;La carta tiene numero #11674 y se llama Gran Mamut de Goldfine siendo una carta de tipo 2.
290;Gran Moth;/IMG/11167.png;2;11167;La carta tiene numero #11167 y se llama Gran Moth siendo una carta de tipo 2.
291;Gran Moth Definitivo Perfecto;/IMG/11177.png;2;11177;La carta tiene numero #11177 y se llama Gran Moth Definitivo Perfecto siendo una carta de tipo 2.
292;Gran Ojo;/IMG/11281.png;2;11281;La carta tiene numero #11281 y se llama Gran Ojo siendo una carta de tipo 2.
293;Gran Pico;/IMG/11717.png;2;11717;La carta tiene numero #11717 y se llama Gran Pico siendo una carta de tipo 2.
294;Griffore;/IMG/11156.png;2;11156;La carta tiene numero #11156 y se llama Griffore siendo una carta de tipo 2.
295;Griggle;/IMG/11657.png;2;11657;La carta tiene numero #11657 y se llama Griggle siendo una carta de tipo 2.
296;Gris Oscuro;/IMG/11223.png;2;11223;La carta tiene numero #11223 y se llama Gris Oscuro siendo una carta de tipo 2.
297;Guardia Real;/IMG/11755.png;2;11755;La carta tiene numero #11755 y se llama Guardia Real siendo una carta de tipo 2.
298;Guardia¡n Celta;/IMG/11151.png;2;11151;La carta tiene numero #11151 y se llama Guardia¡n Celta siendo una carta de tipo 2.
299;Guardia¡n de Batalla de Lava;/IMG/11664.png;2;11664;La carta tiene numero #11664 y se llama Guardia¡n de Batalla de Lava siendo una carta de tipo 2.
300;Guardia¡n de Batalla del Pantano;/IMG/11122.png;2;11122;La carta tiene numero #11122 y se llama Guardia¡n de Batalla del Pantano siendo una carta de tipo 2.
301;Guardia¡n de la Puerta;/IMG/11484.png;2;11484;La carta tiene numero #11484 y se llama Guardia¡n de la Puerta siendo una carta de tipo 2.
302;Guardia¡n de la Sala del Trono;/IMG/11623.png;2;11623;La carta tiene numero #11623 y se llama Guardia¡n de la Sala del Trono siendo una carta de tipo 2.
303;Guardia¡n del Cra¡neo;/IMG/11814.png;2;11814;La carta tiene numero #11814 y se llama Guardia¡n del Cra¡neo siendo una carta de tipo 2.
304;Guardia¡n del Laberinto;/IMG/11346.png;2;11346;La carta tiene numero #11346 y se llama Guardia¡n del Laberinto siendo una carta de tipo 2.
305;Guardia¡n del Metal;/IMG/11198.png;2;11198;La carta tiene numero #11198 y se llama Guardia¡n del Metal siendo una carta de tipo 2.
306;2 Castor;/IMG/11137.png;2;11137;La carta tiene numero #11137 y se llama 2 Castor siendo una carta de tipo 2.
307;2 D.D.;/IMG/11366.png;2;11366;La carta tiene numero #11366 y se llama 2 D.D. siendo una carta de tipo 2.
308;2 de Batalla;/IMG/11210.png;2;11210;La carta tiene numero #11210 y se llama 2 de Batalla siendo una carta de tipo 2.
309;2 de Karbonala;/IMG/11153.png;2;11153;La carta tiene numero #11153 y se llama 2 de Karbonala siendo una carta de tipo 2.
310;2 de la Montaaa;/IMG/11139.png;2;11139;La carta tiene numero #11139 y se llama 2 de la Montaaa siendo una carta de tipo 2.
311;2 de la Tradician;/IMG/11728.png;2;11728;La carta tiene numero #11728 y se llama 2 de la Tradician siendo una carta de tipo 2.
312;2 Desconocido de los Demonios;/IMG/11377.png;2;11377;La carta tiene numero #11377 y se llama 2 Desconocido de los Demonios siendo una carta de tipo 2.
313;2 Lagarto Antiguo;/IMG/11740.png;2;11740;La carta tiene numero #11740 y se llama 2 Lagarto Antiguo siendo una carta de tipo 2.
314;2 Minomushi;/IMG/11566.png;2;11566;La carta tiene numero #11566 y se llama 2 Minomushi siendo una carta de tipo 2.
315;2 Tremendo;/IMG/11656.png;2;11656;La carta tiene numero #11656 y se llama 2 Tremendo siendo una carta de tipo 2.
316;Guaa de Batalla;/IMG/11124.png;2;11124;La carta tiene numero #11124 y se llama Guaa de Batalla siendo una carta de tipo 2.
317;Gusano Aguja;/IMG/11672.png;2;11672;La carta tiene numero #11672 y se llama Gusano Aguja siendo una carta de tipo 2.
318;Gusano del Calabozo;/IMG/11485.png;2;11485;La carta tiene numero #11485 y se llama Gusano del Calabozo siendo una carta de tipo 2.
319;Gyakutenno Megami;/IMG/11200.png;2;11200;La carta tiene numero #11200 y se llama Gyakutenno Megami siendo una carta de tipo 2.
320;Gyojin de Marea Alta;/IMG/11734.png;2;11734;La carta tiene numero #11734 y se llama Gyojin de Marea Alta siendo una carta de tipo 2.
321;Hacha del Desespero;/IMG/11414.png;4;11414;La carta tiene numero #11414 y se llama Hacha del Desespero siendo una carta de tipo 4.
322;Hacha del Tigre;/IMG/11174.png;2;11174;La carta tiene numero #11174 y se llama Hacha del Tigre siendo una carta de tipo 2.
323;Hada de la Fuente;/IMG/11735.png;2;11735;La carta tiene numero #11735 y se llama Hada de la Fuente siendo una carta de tipo 2.
324;Hada del Dragan de Agua;/IMG/11542.png;2;11542;La carta tiene numero #11542 y se llama Hada del Dragan de Agua siendo una carta de tipo 2.
325;Hadabruja;/IMG/11363.png;2;11363;La carta tiene numero #11363 y se llama Hadabruja siendo una carta de tipo 2.
326;Hamburguesa Hambrienta;/IMG/11812.png;2;11812;La carta tiene numero #11812 y se llama Hamburguesa Hambrienta siendo una carta de tipo 2.
327;HaneHane;/IMG/11651.png;2;11651;La carta tiene numero #11651 y se llama HaneHane siendo una carta de tipo 2.
328;Haniwa;/IMG/11347.png;2;11347;La carta tiene numero #11347 y se llama Haniwa siendo una carta de tipo 2.
329;Hechicero Antiguo;/IMG/11369.png;2;11369;La carta tiene numero #11369 y se llama Hechicero Antiguo siendo una carta de tipo 2.
330;Hechizo de Sombra;/IMG/11779.png;1;11779;La carta tiene numero #11779 y se llama Hechizo de Sombra siendo una carta de tipo 1.
331;Harcules Kwagar;/IMG/11643.png;2;11643;La carta tiene numero #11643 y se llama Harcules Kwagar siendo una carta de tipo 2.
332;Hermanas de la Dama Arpaa;/IMG/11173.png;2;11173;La carta tiene numero #11173 y se llama Hermanas de la Dama Arpaa siendo una carta de tipo 2.
333;Hermosa Cazacabezas;/IMG/11344.png;2;11344;La carta tiene numero #11344 y se llama Hermosa Cazacabezas siendo una carta de tipo 2.
334;Haroe del Este;/IMG/11220.png;2;11220;La carta tiene numero #11220 y se llama Haroe del Este siendo una carta de tipo 2.
335;Haroe Oscillo;/IMG/11669.png;2;11669;La carta tiene numero #11669 y se llama Haroe Oscillo siendo una carta de tipo 2.
336;Herremienta Antigua;/IMG/11234.png;2;11234;La carta tiene numero #11234 y se llama Herremienta Antigua siendo una carta de tipo 2.
337;Hibikime;/IMG/11759.png;2;11759;La carta tiene numero #11759 y se llama Hibikime siendo una carta de tipo 2.
338;Hierba de Fuego;/IMG/11267.png;2;11267;La carta tiene numero #11267 y se llama Hierba de Fuego siendo una carta de tipo 2.
339;Hinotama;/IMG/11454.png;1;11454;La carta tiene numero #11454 y se llama Hinotama siendo una carta de tipo 1.
340;Hitodenchak;/IMG/11337.png;2;11337;La carta tiene numero #11337 y se llama Hitodenchak siendo una carta de tipo 2.
341;Holograh;/IMG/11393.png;2;11393;La carta tiene numero #11393 y se llama Holograh siendo una carta de tipo 2.
342;Hombre Prisma;/IMG/11615.png;2;11615;La carta tiene numero #11615 y se llama Hombre Prisma siendo una carta de tipo 2.
343;Hombre Seta;/IMG/11118.png;2;11118;La carta tiene numero #11118 y se llama Hombre Seta siendo una carta de tipo 2.
344;Hombre Seta 2;/IMG/11663.png;2;11663;La carta tiene numero #11663 y se llama Hombre Seta 2 siendo una carta de tipo 2.
345;Hombrekamakiri;/IMG/11645.png;2;11645;La carta tiene numero #11645 y se llama Hombrekamakiri siendo una carta de tipo 2.
346;Hongos del Almizcle;/IMG/11614.png;2;11614;La carta tiene numero #11614 y se llama Hongos del Almizcle siendo una carta de tipo 2.
347;Hoshiningen;/IMG/11602.png;2;11602;La carta tiene numero #11602 y se llama Hoshiningen siendo una carta de tipo 2.
348;Huevo Alado de la Nueva Vida;/IMG/11743.png;2;11743;La carta tiene numero #11743 y se llama Huevo Alado de la Nueva Vida siendo una carta de tipo 2.
349;Huevo de Gorgona;/IMG/11387.png;2;11387;La carta tiene numero #11387 y se llama Huevo de Gorgona siendo una carta de tipo 2.
350;Huevo Monstruoso;/IMG/11257.png;2;11257;La carta tiene numero #11257 y se llama Huevo Monstruoso siendo una carta de tipo 2.
351;Huracail;/IMG/11284.png;2;11284;La carta tiene numero #11284 y se llama Huracail siendo una carta de tipo 2.
352;Hyo;/IMG/11360.png;2;11360;La carta tiene numero #11360 y se llama Hyo siendo una carta de tipo 2.
353;Hyosube;/IMG/11757.png;2;11757;La carta tiene numero #11757 y se llama Hyosube siendo una carta de tipo 2.
354;Incursor del Hacha;/IMG/11188.png;2;11188;La carta tiene numero #11188 y se llama Incursor del Hacha siendo una carta de tipo 2.
355;Informe del Clima;/IMG/11693.png;2;11693;La carta tiene numero #11693 y se llama Informe del Clima siendo una carta de tipo 2.
356;Insecto Ba¡sico;/IMG/11160.png;2;11160;La carta tiene numero #11160 y se llama Insecto Ba¡sico siendo una carta de tipo 2.
357;Insecto Comehombres;/IMG/11611.png;2;11611;La carta tiene numero #11611 y se llama Insecto Comehombres siendo una carta de tipo 2.
358;Insecto Grande;/IMG/11159.png;2;11159;La carta tiene numero #11159 y se llama Insecto Grande siendo una carta de tipo 2.
359;Invasor de otra dimensian;/IMG/11670.png;2;11670;La carta tiene numero #11670 y se llama Invasor de otra dimensian siendo una carta de tipo 2.
360;Invasora del Trono;/IMG/11751.png;2;11751;La carta tiene numero #11751 y se llama Invasora del Trono siendo una carta de tipo 2.
361;Jarra Antigua;/IMG/11277.png;2;11277;La carta tiene numero #11277 y se llama Jarra Antigua siendo una carta de tipo 2.
362;Jarra de Captura de Dragones;/IMG/11439.png;1;11439;La carta tiene numero #11439 y se llama Jarra de Captura de Dragones siendo una carta de tipo 1.
363;Jarra de la Metamorfosis;/IMG/11701.png;2;11701;La carta tiene numero #11701 y se llama Jarra de la Metamorfosis siendo una carta de tipo 2.
364;Jinete Mastico;/IMG/11201.png;2;11201;La carta tiene numero #11201 y se llama Jinete Mastico siendo una carta de tipo 2.
365;Jinete Rabioso;/IMG/11202.png;2;11202;La carta tiene numero #11202 y se llama Jinete Rabioso siendo una carta de tipo 2.
366;Jinzo 7;/IMG/11532.png;2;11532;La carta tiene numero #11532 y se llama Jinzo 7 siendo una carta de tipo 2.
367;Jirai Gumo;/IMG/11477.png;2;11477;La carta tiene numero #11477 y se llama Jirai Gumo siendo una carta de tipo 2.
368;Juez;/IMG/11143.png;2;11143;La carta tiene numero #11143 y se llama Juez siendo una carta de tipo 2.
369;Juez Emperatriz;/IMG/11682.png;2;11682;La carta tiene numero #11682 y se llama Juez Emperatriz siendo una carta de tipo 2.
370;Juicio Infernal;/IMG/11229.png;2;11229;La carta tiene numero #11229 y se llama Juicio Infernal siendo una carta de tipo 2.
371;Juramento de la Ballena Fortaleza;/IMG/11810.png;1;11810;La carta tiene numero #11810 y se llama Juramento de la Ballena Fortaleza siendo una carta de tipo 1.
372;Juramento de la Espada G4;/IMG/11807.png;1;11807;La carta tiene numero #11807 y se llama Juramento de la Espada G4 siendo una carta de tipo 1.
373;Juramento de Tortuga;/IMG/11802.png;1;11802;La carta tiene numero #11802 y se llama Juramento de Tortuga siendo una carta de tipo 1.
374;Kagemusha de la Llama Azul;/IMG/11324.png;2;11324;La carta tiene numero #11324 y se llama Kagemusha de la Llama Azul siendo una carta de tipo 2.
375;Kageningen;/IMG/11217.png;2;11217;La carta tiene numero #11217 y se llama Kageningen siendo una carta de tipo 2.
376;Kairyu  Shin;/IMG/11183.png;2;11183;La carta tiene numero #11183 y se llama Kairyu  Shin siendo una carta de tipo 2.
377;Kaiser Rudo;/IMG/11492.png;2;11492;La carta tiene numero #11492 y se llama Kaiser Rudo siendo una carta de tipo 2.
378;Kamen de Mar;/IMG/11584.png;2;11584;La carta tiene numero #11584 y se llama Kamen de Mar siendo una carta de tipo 2.
379;Kamionmago;/IMG/11225.png;2;11225;La carta tiene numero #11225 y se llama Kamionmago siendo una carta de tipo 2.
380;Kanan, la Seaora de las Espadas;/IMG/11462.png;2;11462;La carta tiene numero #11462 y se llama Kanan, la Seaora de las Espadas siendo una carta de tipo 2.
381;Kanikabuto;/IMG/11561.png;2;11561;La carta tiene numero #11561 y se llama Kanikabuto siendo una carta de tipo 2.
382;Kappa Psaquico;/IMG/11402.png;2;11402;La carta tiene numero #11402 y se llama Kappa Psaquico siendo una carta de tipo 2.
383;Kappa Verde;/IMG/11696.png;2;11696;La carta tiene numero #11696 y se llama Kappa Verde siendo una carta de tipo 2.
384;Kattapillar;/IMG/11609.png;2;11609;La carta tiene numero #11609 y se llama Kattapillar siendo una carta de tipo 2.
385;Kazejin;/IMG/11482.png;2;11482;La carta tiene numero #11482 y se llama Kazejin siendo una carta de tipo 2.
386;Kojikocy;/IMG/11176.png;2;11176;La carta tiene numero #11176 y se llama Kojikocy siendo una carta de tipo 2.
387;Korogashi;/IMG/11595.png;2;11595;La carta tiene numero #11595 y se llama Korogashi siendo una carta de tipo 2.
388;Kraken de Fuego;/IMG/11629.png;2;11629;La carta tiene numero #11629 y se llama Kraken de Fuego siendo una carta de tipo 2.
389;Kraken Demonio;/IMG/11180.png;2;11180;La carta tiene numero #11180 y se llama Kraken Demonio siendo una carta de tipo 2.
390;Krokodilus;/IMG/11186.png;2;11186;La carta tiene numero #11186 y se llama Krokodilus siendo una carta de tipo 2.
391;Kumootoko;/IMG/11331.png;2;11331;La carta tiene numero #11331 y se llama Kumootoko siendo una carta de tipo 2.
392;Kunai con Cadena;/IMG/11761.png;3;11761;La carta tiene numero #11761 y se llama Kunai con Cadena siendo una carta de tipo 3.
393;Kurama;/IMG/11410.png;2;11410;La carta tiene numero #11410 y se llama Kurama siendo una carta de tipo 2.
394;Kuriboh;/IMG/11168.png;2;11168;La carta tiene numero #11168 y se llama Kuriboh siendo una carta de tipo 2.
395;Kuwagata a;/IMG/11590.png;2;11590;La carta tiene numero #11590 y se llama Kuwagata a siendo una carta de tipo 2.
396;La Cosa que se Esconde en el Barro;/IMG/11733.png;2;11733;La carta tiene numero #11733 y se llama La Cosa que se Esconde en el Barro siendo una carta de tipo 2.
397;La Estatua de la Isla Oriental;/IMG/11625.png;2;11625;La carta tiene numero #11625 y se llama La Estatua de la Isla Oriental siendo una carta de tipo 2.
398;La Jinn, el Genio Mastico de la La¡mpara;/IMG/11489.png;2;11489;La carta tiene numero #11489 y se llama La Jinn, el Genio Mastico de la La¡mpara siendo una carta de tipo 2.
399;La Mano del Juicio;/IMG/11275.png;2;11275;La carta tiene numero #11275 y se llama La Mano del Juicio siendo una carta de tipo 2.
400;La Oracian de Novox;/IMG/11789.png;1;11789;La carta tiene numero #11789 y se llama La Oracian de Novox siendo una carta de tipo 1.
401;La Perversa BestiaGusano;/IMG/11133.png;2;11133;La carta tiene numero #11133 y se llama La Perversa BestiaGusano siendo una carta de tipo 2.
402;La Sombra que Controla la Oscuridad;/IMG/11258.png;2;11258;La carta tiene numero #11258 y se llama La Sombra que Controla la Oscuridad siendo una carta de tipo 2.
403;La Sombra Roja Derretida;/IMG/11262.png;2;11262;La carta tiene numero #11262 y se llama La Sombra Roja Derretida siendo una carta de tipo 2.
404;Laberinto Ma¡gico;/IMG/11762.png;3;11762;La carta tiene numero #11762 y se llama Laberinto Ma¡gico siendo una carta de tipo 3.
405;Ladran;/IMG/11591.png;2;11591;La carta tiene numero #11591 y se llama Ladran siendo una carta de tipo 2.
406;Lagartija Babeante;/IMG/11679.png;2;11679;La carta tiene numero #11679 y se llama Lagartija Babeante siendo una carta de tipo 2.
407;Lagarto Acorazado;/IMG/11161.png;2;11161;La carta tiene numero #11161 y se llama Lagarto Acorazado siendo una carta de tipo 2.
408;Lagarto Elactrico;/IMG/11720.png;2;11720;La carta tiene numero #11720 y se llama Lagarto Elactrico siendo una carta de tipo 2.
409;Lagarto Nocturno;/IMG/11744.png;2;11744;La carta tiene numero #11744 y se llama Lagarto Nocturno siendo una carta de tipo 2.
410;LaLa LiOon;/IMG/11301.png;2;11301;La carta tiene numero #11301 y se llama LaLa LiOon siendo una carta de tipo 2.
411;LaMoon;/IMG/11238.png;2;11238;La carta tiene numero #11238 y se llama LaMoon siendo una carta de tipo 2.
412;La¡mpara Mastica;/IMG/11497.png;2;11497;La carta tiene numero #11497 y se llama La¡mpara Mastica siendo una carta de tipo 2.
413;Larva de Moth;/IMG/11166.png;2;11166;La carta tiene numero #11166 y se llama Larva de Moth siendo una carta de tipo 2.
414;Larvas;/IMG/11265.png;2;11265;La carta tiene numero #11265 y se llama Larvas siendo una carta de tipo 2.
415;Leghul;/IMG/11507.png;2;11507;La carta tiene numero #11507 y se llama Leghul siendo una carta de tipo 2.
416;Leogun;/IMG/11513.png;2;11513;La carta tiene numero #11513 y se llama Leogun siendo una carta de tipo 2.
417;Lean Durmiente;/IMG/11231.png;2;11231;La carta tiene numero #11231 y se llama Lean Durmiente siendo una carta de tipo 2.
418;Libro de Artes Secretas;/IMG/11433.png;3;11433;La carta tiene numero #11433 y se llama Libro de Artes Secretas siendo una carta de tipo 3.
419;Limo Cambiante;/IMG/11399.png;2;11399;La carta tiene numero #11399 y se llama Limo Cambiante siendo una carta de tipo 2.
420;Lirio Caaan;/IMG/11599.png;2;11599;La carta tiene numero #11599 y se llama Lirio Caaan siendo una carta de tipo 2.
421;Lisark;/IMG/11273.png;2;11273;La carta tiene numero #11273 y se llama Lisark siendo una carta de tipo 2.
422;Llama Final;/IMG/11455.png;1;11455;La carta tiene numero #11455 y se llama Llama Final siendo una carta de tipo 1.
423;Llave de la Maza;/IMG/11302.png;2;11302;La carta tiene numero #11302 y se llama Llave de la Maza siendo una carta de tipo 2.
424;Llave de la Maza 2;/IMG/11710.png;2;11710;La carta tiene numero #11710 y se llama Llave de la Maza 2 siendo una carta de tipo 2.
425;Lluvia acida;/IMG/11770.png;1;11770;La carta tiene numero #11770 y se llama Lluvia acida siendo una carta de tipo 1.
426;Lluvia Violenta;/IMG/11709.png;2;11709;La carta tiene numero #11709 y se llama Lluvia Violenta siendo una carta de tipo 2.
427;Lobo;/IMG/11171.png;2;11171;La carta tiene numero #11171 y se llama Lobo siendo una carta de tipo 2.
428;Lobo de Flor;/IMG/11597.png;2;11597;La carta tiene numero #11597 y se llama Lobo de Flor siendo una carta de tipo 2.
429;Lobo GigaTecnolagico;/IMG/11522.png;2;11522;La carta tiene numero #11522 y se llama Lobo GigaTecnolagico siendo una carta de tipo 2.
430;Lubina Meca¡nica;/IMG/11551.png;2;11551;La carta tiene numero #11551 y se llama Lubina Meca¡nica siendo una carta de tipo 2.
431;Luchador;/IMG/11187.png;2;11187;La carta tiene numero #11187 y se llama Luchador siendo una carta de tipo 2.
432;Luna Mastica;/IMG/11429.png;4;11429;La carta tiene numero #11429 y se llama Luna Mastica siendo una carta de tipo 4.
433;Luz de Megirus;/IMG/11381.png;2;11381;La carta tiene numero #11381 y se llama Luz de Megirus siendo una carta de tipo 2.
434;Luz del Elfo;/IMG/11417.png;4;11417;La carta tiene numero #11417 y se llama Luz del Elfo siendo una carta de tipo 4.
435;Luz PerforaOscuridad;/IMG/11460.png;1;11460;La carta tiene numero #11460 y se llama Luz PerforaOscuridad siendo una carta de tipo 1.
436;Mabarrel;/IMG/11314.png;2;11314;La carta tiene numero #11314 y se llama Mabarrel siendo una carta de tipo 2.
437;Madjinn Gunn;/IMG/11342.png;2;11342;La carta tiene numero #11342 y se llama Madjinn Gunn siendo una carta de tipo 2.
438;Madoor de Aqua;/IMG/11323.png;2;11323;La carta tiene numero #11323 y se llama Madoor de Aqua siendo una carta de tipo 2.
439;Maestro  Experto;/IMG/11358.png;2;11358;La carta tiene numero #11358 y se llama Maestro  Experto siendo una carta de tipo 2.
440;Mago de agua;/IMG/11540.png;2;11540;La carta tiene numero #11540 y se llama Mago de agua siendo una carta de tipo 2.
441;Mago de la Fe;/IMG/11538.png;2;11538;La carta tiene numero #11538 y se llama Mago de la Fe siendo una carta de tipo 2.
442;Mago del Caos Negro;/IMG/11832.png;2;11832;La carta tiene numero #11832 y se llama Mago del Caos Negro siendo una carta de tipo 2.
443;Mago del Disco;/IMG/11753.png;2;11753;La carta tiene numero #11753 y se llama Mago del Disco siendo una carta de tipo 2.
444;Mago del Tiempo;/IMG/11126.png;2;11126;La carta tiene numero #11126 y se llama Mago del Tiempo siendo una carta de tipo 2.
445;Mago Ilusionista sin Rostro;/IMG/11152.png;2;11152;La carta tiene numero #11152 y se llama Mago Ilusionista sin Rostro siendo una carta de tipo 2.
446;Mago Leo;/IMG/11688.png;2;11688;La carta tiene numero #11688 y se llama Mago Leo siendo una carta de tipo 2.
447;Mago Oscuro;/IMG/11145.png;2;11145;La carta tiene numero #11145 y se llama Mago Oscuro siendo una carta de tipo 2.
448;Maha Vailo;/IMG/11603.png;2;11603;La carta tiene numero #11603 y se llama Maha Vailo siendo una carta de tipo 2.
449;Mala Reaccian de Simochi;/IMG/11798.png;3;11798;La carta tiene numero #11798 y se llama Mala Reaccian de Simochi siendo una carta de tipo 3.
450;Malabarista del Estallido;/IMG/11527.png;2;11527;La carta tiene numero #11527 y se llama Malabarista del Estallido siendo una carta de tipo 2.
451;Maldician de Dragan;/IMG/11149.png;2;11149;La carta tiene numero #11149 y se llama Maldician de Dragan siendo una carta de tipo 2.
452;Maldician del Dragan de Tres Cuernos;/IMG/11790.png;1;11790;La carta tiene numero #11790 y se llama Maldician del Dragan de Tres Cuernos siendo una carta de tipo 1.
453;Maldician del Escudo Milenario;/IMG/11775.png;1;11775;La carta tiene numero #11775 y se llama Maldician del Escudo Milenario siendo una carta de tipo 1.
454;Manipulador de la Llama;/IMG/11252.png;2;11252;La carta tiene numero #11252 y se llama Manipulador de la Llama siendo una carta de tipo 2.
455;Mano del Demonio;/IMG/11245.png;2;11245;La carta tiene numero #11245 y se llama Mano del Demonio siendo una carta de tipo 2.
456;Mano Misteriosa;/IMG/11247.png;2;11247;La carta tiene numero #11247 y se llama Mano Misteriosa siendo una carta de tipo 2.
457;Mapache Tortuga;/IMG/11613.png;2;11613;La carta tiene numero #11613 y se llama Mapache Tortuga siendo una carta de tipo 2.
458;Ma¡quina del Pandulo;/IMG/11498.png;2;11498;La carta tiene numero #11498 y se llama Ma¡quina del Pandulo siendo una carta de tipo 2.
459;Marmota Obesa de la Infamia;/IMG/11714.png;2;11714;La carta tiene numero #11714 y se llama Marmota Obesa de la Infamia siendo una carta de tipo 2.
460;Masaki el Espadachan Legendario;/IMG/11403.png;2;11403;La carta tiene numero #11403 y se llama Masaki el Espadachan Legendario siendo una carta de tipo 2.
461;Ma¡scara de Brillo y Oscuridad;/IMG/11830.png;2;11830;La carta tiene numero #11830 y se llama Ma¡scara de Brillo y Oscuridad siendo una carta de tipo 2.
462;Ma¡scara de la Oscuridad;/IMG/11212.png;2;11212;La carta tiene numero #11212 y se llama Ma¡scara de la Oscuridad siendo una carta de tipo 2.
463;Mavelus;/IMG/11382.png;2;11382;La carta tiene numero #11382 y se llama Mavelus siendo una carta de tipo 2.
464;Mechalean;/IMG/11646.png;2;11646;La carta tiene numero #11646 y se llama Mechalean siendo una carta de tipo 2.
465;Medicina Roja;/IMG/11449.png;1;11449;La carta tiene numero #11449 y se llama Medicina Roja siendo una carta de tipo 1.
466;Medusa;/IMG/11181.png;2;11181;La carta tiene numero #11181 y se llama Medusa siendo una carta de tipo 2.
467;Mega Bola de Trueno;/IMG/11647.png;2;11647;La carta tiene numero #11647 y se llama Mega Bola de Trueno siendo una carta de tipo 2.
468;Megamorfo;/IMG/11767.png;3;11767;La carta tiene numero #11767 y se llama Megamorfo siendo una carta de tipo 3.
469;Megazowler;/IMG/11189.png;2;11189;La carta tiene numero #11189 y se llama Megazowler siendo una carta de tipo 2.
470;Meotoko;/IMG/11322.png;2;11322;La carta tiene numero #11322 y se llama Meotoko siendo una carta de tipo 2.
471;Merodeador Serpiente;/IMG/11395.png;2;11395;La carta tiene numero #11395 y se llama Merodeador Serpiente siendo una carta de tipo 2.
472;Metalmorph;/IMG/11768.png;3;11768;La carta tiene numero #11768 y se llama Metalmorph siendo una carta de tipo 3.
473;Metalzoa;/IMG/11502.png;2;11502;La carta tiene numero #11502 y se llama Metalzoa siendo una carta de tipo 2.
474;M2 Na 1;/IMG/11270.png;2;11270;La carta tiene numero #11270 y se llama M2 Na 1 siendo una carta de tipo 2.
475;M2 Na 2;/IMG/11271.png;2;11271;La carta tiene numero #11271 y se llama M2 Na 2 siendo una carta de tipo 2.
476;Microbios Infames;/IMG/11420.png;4;11420;La carta tiene numero #11420 y se llama Microbios Infames siendo una carta de tipo 4.
477;Mikazukinoyaiba;/IMG/11821.png;2;11821;La carta tiene numero #11821 y se llama Mikazukinoyaiba siendo una carta de tipo 2.
478;Milus Radiante;/IMG/11637.png;2;11637;La carta tiene numero #11637 y se llama Milus Radiante siendo una carta de tipo 2.
479;Minar;/IMG/11644.png;2;11644;La carta tiene numero #11644 y se llama Minar siendo una carta de tipo 2.
480;Misairuzame;/IMG/11652.png;2;11652;La carta tiene numero #11652 y se llama Misairuzame siendo una carta de tipo 2.
481;Mon Larvas;/IMG/11697.png;2;11697;La carta tiene numero #11697 y se llama Mon Larvas siendo una carta de tipo 2.
482;Monstortuga;/IMG/11287.png;2;11287;La carta tiene numero #11287 y se llama Monstortuga siendo una carta de tipo 2.
483;Montaaa;/IMG/11442.png;3;11442;La carta tiene numero #11442 y se llama Montaaa siendo una carta de tipo 3.
484;Morador del Fondo;/IMG/11549.png;2;11549;La carta tiene numero #11549 y se llama Morador del Fondo siendo una carta de tipo 2.
485;Morinphen;/IMG/11608.png;2;11608;La carta tiene numero #11608 y se llama Morinphen siendo una carta de tipo 2.
486;Moscuchilla;/IMG/11719.png;2;11719;La carta tiene numero #11719 y se llama Moscuchilla siendo una carta de tipo 2.
487;Muka Muka;/IMG/11626.png;2;11626;La carta tiene numero #11626 y se llama Muka Muka siendo una carta de tipo 2.
488;Muaeca Pacara;/IMG/11154.png;2;11154;La carta tiene numero #11154 y se llama Muaeca Pacara siendo una carta de tipo 2.
489;Murcialago;/IMG/11521.png;2;11521;La carta tiene numero #11521 y se llama Murcialago siendo una carta de tipo 2.
490;Murcialago de Meda;/IMG/11355.png;2;11355;La carta tiene numero #11355 y se llama Murcialago de Meda siendo una carta de tipo 2.
491;Muro de Sombra;/IMG/11479.png;2;11479;La carta tiene numero #11479 y se llama Muro de Sombra siendo una carta de tipo 2.
492;Muro Laberinto;/IMG/11476.png;2;11476;La carta tiene numero #11476 y se llama Muro Laberinto siendo una carta de tipo 2.
493;Musa  A;/IMG/11702.png;2;11702;La carta tiene numero #11702 y se llama Musa  A siendo una carta de tipo 2.
494;Necrolancer el TiempoSeaor;/IMG/11253.png;2;11253;La carta tiene numero #11253 y se llama Necrolancer el TiempoSeaor siendo una carta de tipo 2.
495;Nekogal 1;/IMG/11362.png;2;11362;La carta tiene numero #11362 y se llama Nekogal 1 siendo una carta de tipo 2.
496;Nekogal 2;/IMG/11737.png;2;11737;La carta tiene numero #11737 y se llama Nekogal 2 siendo una carta de tipo 2.
497;Nemuriko;/IMG/11239.png;2;11239;La carta tiene numero #11239 y se llama Nemuriko siendo una carta de tipo 2.
498;Ninja 4do;/IMG/11579.png;2;11579;La carta tiene numero #11579 y se llama Ninja 4do siendo una carta de tipo 2.
499;Niao Trueno;/IMG/11321.png;2;11321;La carta tiene numero #11321 y se llama Niao Trueno siendo una carta de tipo 2.
500;Niwatori;/IMG/11648.png;2;11648;La carta tiene numero #11648 y se llama Niwatori siendo una carta de tipo 2.
501;Nuzzler Malavolo;/IMG/11431.png;3;11431;La carta tiene numero #11431 y se llama Nuzzler Malavolo siendo una carta de tipo 3.
502;Obstructor;/IMG/11526.png;2;11526;La carta tiene numero #11526 y se llama Obstructor siendo una carta de tipo 2.
503;Octoberser;/IMG/11241.png;2;11241;La carta tiene numero #11241 y se llama Octoberser siendo una carta de tipo 2.
504;Ocubeam;/IMG/11506.png;2;11506;La carta tiene numero #11506 y se llama Ocubeam siendo una carta de tipo 2.
505;Ogro de Acero Na 1;/IMG/11667.png;2;11667;La carta tiene numero #11667 y se llama Ogro de Acero Na 1 siendo una carta de tipo 2.
506;Ogro de la Sombra Negra;/IMG/11397.png;2;11397;La carta tiene numero #11397 y se llama Ogro de la Sombra Negra siendo una carta de tipo 2.
507;Ogro de Piedra Grotto;/IMG/11742.png;2;11742;La carta tiene numero #11742 y se llama Ogro de Piedra Grotto siendo una carta de tipo 2.
508;Ogro de Roca Grotto 1;/IMG/11138.png;2;11138;La carta tiene numero #11138 y se llama Ogro de Roca Grotto 1 siendo una carta de tipo 2.
509;Ogro de Roca Grotto 2;/IMG/11373.png;2;11373;La carta tiene numero #11373 y se llama Ogro de Roca Grotto 2 siendo una carta de tipo 2.
510;Ojo de Fuego;/IMG/11286.png;2;11286;La carta tiene numero #11286 y se llama Ojo de Fuego siendo una carta de tipo 2.
511;Ojo Megasanico;/IMG/11465.png;2;11465;La carta tiene numero #11465 y se llama Ojo Megasanico siendo una carta de tipo 2.
512;Ojo Monstruoso;/IMG/11512.png;2;11512;La carta tiene numero #11512 y se llama Ojo Monstruoso siendo una carta de tipo 2.
513;Olla, el Truco;/IMG/11668.png;2;11668;La carta tiene numero #11668 y se llama Olla, el Truco siendo una carta de tipo 2.
514;Omolics de Agua;/IMG/11359.png;2;11359;La carta tiene numero #11359 y se llama Omolics de Agua siendo una carta de tipo 2.
515;Ooguchi;/IMG/11508.png;2;11508;La carta tiene numero #11508 y se llama Ooguchi siendo una carta de tipo 2.
516;Ookazi;/IMG/11456.png;1;11456;La carta tiene numero #11456 y se llama Ookazi siendo una carta de tipo 1.
517;Oracian de la Reina de Cosmo;/IMG/11808.png;1;11808;La carta tiene numero #11808 y se llama Oracian de la Reina de Cosmo siendo una carta de tipo 1.
518;Orian, el Rey de la Batalla;/IMG/11236.png;2;11236;La carta tiene numero #11236 y se llama Orian, el Rey de la Batalla siendo una carta de tipo 2.
519;Oruga acida;/IMG/11750.png;2;11750;La carta tiene numero #11750 y se llama Oruga acida siendo una carta de tipo 2.
520;Oso Panda Frenatico;/IMG/11311.png;2;11311;La carta tiene numero #11311 y se llama Oso Panda Frenatico siendo una carta de tipo 2.
521;Oveja Mastica 1;/IMG/11752.png;2;11752;La carta tiene numero #11752 y se llama Oveja Mastica 1 siendo una carta de tipo 2.
522;Oveja Mastica 2;/IMG/11392.png;2;11392;La carta tiene numero #11392 y se llama Oveja Mastica 2 siendo una carta de tipo 2.
523;Pacto de Escarabajo de la Jabalina;/IMG/11806.png;1;11806;La carta tiene numero #11806 y se llama Pacto de Escarabajo de la Jabalina siendo una carta de tipo 1.
524;Pa¡jaro Divertido;/IMG/11317.png;2;11317;La carta tiene numero #11317 y se llama Pa¡jaro Divertido siendo una carta de tipo 2.
525;Pa¡jaro Sol Carmesa;/IMG/11577.png;2;11577;La carta tiene numero #11577 y se llama Pa¡jaro Sol Carmesa siendo una carta de tipo 2.
526;Pa¡jaro Tortuga;/IMG/11630.png;2;11630;La carta tiene numero #11630 y se llama Pa¡jaro Tortuga siendo una carta de tipo 2.
527;Palacio Brillante;/IMG/11778.png;3;11778;La carta tiene numero #11778 y se llama Palacio Brillante siendo una carta de tipo 3.
528;Parar la Defensa;/IMG/11430.png;3;11430;La carta tiene numero #11430 y se llama Parar la Defensa siendo una carta de tipo 3.
529;Partidario en las Sombras;/IMG/11228.png;2;11228;La carta tiene numero #11228 y se llama Partidario en las Sombras siendo una carta de tipo 2.
530;Pavo Real;/IMG/11601.png;2;11601;La carta tiene numero #11601 y se llama Pavo Real siendo una carta de tipo 2.
531;Payaso de Madera;/IMG/11341.png;2;11341;La carta tiene numero #11341 y se llama Payaso de Madera siendo una carta de tipo 2.
532;Payaso del Sueao;/IMG/11230.png;2;11230;La carta tiene numero #11230 y se llama Payaso del Sueao siendo una carta de tipo 2.
533;Payaso Enmascarado;/IMG/11292.png;2;11292;La carta tiene numero #11292 y se llama Payaso Enmascarado siendo una carta de tipo 2.
534;Payaso Grosero;/IMG/11205.png;2;11205;La carta tiene numero #11205 y se llama Payaso Grosero siendo una carta de tipo 2.
535;Payaso Mastico;/IMG/11391.png;2;11391;La carta tiene numero #11391 y se llama Payaso Mastico siendo una carta de tipo 2.
536;Pegaso Aladefuego;/IMG/11824.png;2;11824;La carta tiene numero #11824 y se llama Pegaso Aladefuego siendo una carta de tipo 2.
537;Pequeaa Quimera;/IMG/11708.png;2;11708;La carta tiene numero #11708 y se llama Pequeaa Quimera siendo una carta de tipo 2.
538;Pergamino de Dragan Yamatano;/IMG/11232.png;2;11232;La carta tiene numero #11232 y se llama Pergamino de Dragan Yamatano siendo una carta de tipo 2.
539;Pescado casi crudo;/IMG/11340.png;2;11340;La carta tiene numero #11340 y se llama Pescado casi crudo siendo una carta de tipo 2.
540;Petit Angel;/IMG/11318.png;2;11318;La carta tiene numero #11318 y se llama Petit Angel siendo una carta de tipo 2.
541;Petit Dragan;/IMG/11310.png;2;11310;La carta tiene numero #11310 y se llama Petit Dragan siendo una carta de tipo 2.
542;Petit Moth;/IMG/11388.png;2;11388;La carta tiene numero #11388 y se llama Petit Moth siendo una carta de tipo 2.
543;Pez de 7 Colores;/IMG/11550.png;2;11550;La carta tiene numero #11550 y se llama Pez de 7 Colores siendo una carta de tipo 2.
544;Pez de Metal;/IMG/11548.png;2;11548;La carta tiene numero #11548 y se llama Pez de Metal siendo una carta de tipo 2.
545;Pez Loco;/IMG/11617.png;2;11617;La carta tiene numero #11617 y se llama Pez Loco siendo una carta de tipo 2.
546;Pico Excavador;/IMG/11269.png;2;11269;La carta tiene numero #11269 y se llama Pico Excavador siendo una carta de tipo 2.
547;Piedra de Arena;/IMG/11627.png;2;11627;La carta tiene numero #11627 y se llama Piedra de Arena siendo una carta de tipo 2.
548;Pierna Derecha del Prohibido;/IMG/11127.png;2;11127;La carta tiene numero #11127 y se llama Pierna Derecha del Prohibido siendo una carta de tipo 2.
549;Pierna Izquierda del Prohibido;/IMG/11128.png;2;11128;La carta tiene numero #11128 y se llama Pierna Izquierda del Prohibido siendo una carta de tipo 2.
550;Pingaino de Perno;/IMG/11571.png;2;11571;La carta tiene numero #11571 y se llama Pingaino de Perno siendo una carta de tipo 2.
551;Pingaino Volador;/IMG/11471.png;2;11471;La carta tiene numero #11471 y se llama Pingaino Volador siendo una carta de tipo 2.
552;Planta ComeHombres;/IMG/11185.png;2;11185;La carta tiene numero #11185 y se llama Planta ComeHombres siendo una carta de tipo 2.
553;Planta de Tenta¡culos;/IMG/11699.png;2;11699;La carta tiene numero #11699 y se llama Planta de Tenta¡culos siendo una carta de tipo 2.
554;Planta Oscura;/IMG/11233.png;2;11233;La carta tiene numero #11233 y se llama Planta Oscura siendo una carta de tipo 2.
555;Poder de Kaishin;/IMG/11438.png;3;11438;La carta tiene numero #11438 y se llama Poder de Kaishin siendo una carta de tipo 3.
556;Polvo de Pluma de Arpaa;/IMG/11782.png;1;11782;La carta tiene numero #11782 y se llama Polvo de Pluma de Arpaa siendo una carta de tipo 1.
557;Pragtical;/IMG/11592.png;2;11592;La carta tiene numero #11592 y se llama Pragtical siendo una carta de tipo 2.
558;Preso Oscuro;/IMG/11283.png;2;11283;La carta tiene numero #11283 y se llama Preso Oscuro siendo una carta de tipo 2.
559;Princesa de Tsurugi;/IMG/11376.png;2;11376;La carta tiene numero #11376 y se llama Princesa de Tsurugi siendo una carta de tipo 2.
560;Protector del Trono;/IMG/11390.png;2;11390;La carta tiene numero #11390 y se llama Protector del Trono siendo una carta de tipo 2.
561;PsicoTatere;/IMG/11825.png;2;11825;La carta tiene numero #11825 y se llama PsicoTatere siendo una carta de tipo 2.
562;Pulga Gigante;/IMG/11165.png;2;11165;La carta tiene numero #11165 y se llama Pulga Gigante siendo una carta de tipo 2.
563;Pumpking el Rey de los Fantasmas;/IMG/11209.png;2;11209;La carta tiene numero #11209 y se llama Pumpking el Rey de los Fantasmas siendo una carta de tipo 2.
564;Quimera Oscura;/IMG/11197.png;2;11197;La carta tiene numero #11197 y se llama Quimera Oscura siendo una carta de tipo 2.
565;Raigeki;/IMG/11447.png;1;11447;La carta tiene numero #11447 y se llama Raigeki siendo una carta de tipo 1.
566;Raaz de Agua;/IMG/11357.png;2;11357;La carta tiene numero #11357 y se llama Raaz de Agua siendo una carta de tipo 2.
567;Rata Blindada;/IMG/11739.png;2;11739;La carta tiene numero #11739 y se llama Rata Blindada siendo una carta de tipo 2.
568;Rata de la Prevencian;/IMG/11365.png;2;11365;La carta tiene numero #11365 y se llama Rata de la Prevencian siendo una carta de tipo 2.
569;Ratan de Hueso;/IMG/11658.png;2;11658;La carta tiene numero #11658 y se llama Ratan de Hueso siendo una carta de tipo 2.
570;Rayo  Temperatura;/IMG/11386.png;2;11386;La carta tiene numero #11386 y se llama Rayo  Temperatura siendo una carta de tipo 2.
571;Receta de Hamburguesa;/IMG/11787.png;1;11787;La carta tiene numero #11787 y se llama Receta de Hamburguesa siendo una carta de tipo 1.
572;Reflejo de Demonio Na 1;/IMG/11705.png;2;11705;La carta tiene numero #11705 y se llama Reflejo de Demonio Na 1 siendo una carta de tipo 2.
573;Reflejo de Demonio Na 2;/IMG/11296.png;2;11296;La carta tiene numero #11296 y se llama Reflejo de Demonio Na 2 siendo una carta de tipo 2.
574;Regalo del Hada;/IMG/11473.png;2;11473;La carta tiene numero #11473 y se llama Regalo del Hada siendo una carta de tipo 2.
575;Reina Cosmo;/IMG/11818.png;2;11818;La carta tiene numero #11818 y se llama Reina Cosmo siendo una carta de tipo 2.
576;Reina de las Hojas de Otoao;/IMG/11748.png;2;11748;La carta tiene numero #11748 y se llama Reina de las Hojas de Otoao siendo una carta de tipo 2.
577;Reina Lunar Elzaim;/IMG/11370.png;2;11370;La carta tiene numero #11370 y se llama Reina Lunar Elzaim siendo una carta de tipo 2.
578;Reina Pa¡jaro;/IMG/11578.png;2;11578;La carta tiene numero #11578 y se llama Reina Pa¡jaro siendo una carta de tipo 2.
579;Reloj de Arena de la Vida;/IMG/11339.png;2;11339;La carta tiene numero #11339 y se llama Reloj de Arena de la Vida siendo una carta de tipo 2.
580;Reloj de Arena del Coraje;/IMG/11726.png;2;11726;La carta tiene numero #11726 y se llama Reloj de Arena del Coraje siendo una carta de tipo 2.
581;Respiracian de la luz;/IMG/11773.png;1;11773;La carta tiene numero #11773 y se llama Respiracian de la luz siendo una carta de tipo 1.
582;Resurgimiento de Dokurorider;/IMG/11809.png;1;11809;La carta tiene numero #11809 y se llama Resurgimiento de Dokurorider siendo una carta de tipo 1.
583;Resurgimiento de Sennen Genjin;/IMG/11788.png;1;11788;La carta tiene numero #11788 y se llama Resurgimiento de Sennen Genjin siendo una carta de tipo 1.
584;Resurreccian de Chakra;/IMG/11804.png;1;11804;La carta tiene numero #11804 y se llama Resurreccian de Chakra siendo una carta de tipo 1.
585;Rey Bestia de los Pantanos;/IMG/11368.png;2;11368;La carta tiene numero #11368 y se llama Rey Bestia de los Pantanos siendo una carta de tipo 2.
586;Rey de Dos Cabezas Rex;/IMG/11142.png;2;11142;La carta tiene numero #11142 y se llama Rey de Dos Cabezas Rex siendo una carta de tipo 2.
587;Rey de la Jungla Dragan Negro;/IMG/11681.png;2;11681;La carta tiene numero #11681 y se llama Rey de la Jungla Dragan Negro siendo una carta de tipo 2.
588;Rey de Yamimakai;/IMG/11195.png;2;11195;La carta tiene numero #11195 y se llama Rey de Yamimakai siendo una carta de tipo 2.
589;Rey Fantasma del Bosque;/IMG/11384.png;2;11384;La carta tiene numero #11384 y se llama Rey Fantasma del Bosque siendo una carta de tipo 2.
590;Rey Ma¡quina;/IMG/11517.png;2;11517;La carta tiene numero #11517 y se llama Rey Ma¡quina siendo una carta de tipo 2.
591;Rey Masico;/IMG/11605.png;2;11605;La carta tiene numero #11605 y se llama Rey Masico siendo una carta de tipo 2.
592;Rey Nebuloso;/IMG/11389.png;2;11389;La carta tiene numero #11389 y se llama Rey Nebuloso siendo una carta de tipo 2.
593;Rey Oscuro del Abismo;/IMG/11279.png;2;11279;La carta tiene numero #11279 y se llama Rey Oscuro del Abismo siendo una carta de tipo 2.
594;Rhaimundos de la espada roja;/IMG/11261.png;2;11261;La carta tiene numero #11261 y se llama Rhaimundos de la espada roja siendo una carta de tipo 2.
595;Ritual de 1 Negra;/IMG/11831.png;1;11831;La carta tiene numero #11831 y se llama Ritual de 1 Negra siendo una carta de tipo 1.
596;Ritual de Yamadron;/IMG/11776.png;1;11776;La carta tiene numero #11776 y se llama Ritual de Yamadron siendo una carta de tipo 1.
597;Ritual de Zera;/IMG/11781.png;1;11781;La carta tiene numero #11781 y se llama Ritual de Zera siendo una carta de tipo 1.
598;Ritual del Brillo Negro;/IMG/11780.png;1;11780;La carta tiene numero #11780 y se llama Ritual del Brillo Negro siendo una carta de tipo 1.
599;Ritual del Espejo Bestial;/IMG/11784.png;1;11784;La carta tiene numero #11784 y se llama Ritual del Espejo Bestial siendo una carta de tipo 1.
600;Ritual del Guardia¡n de la Puerta;/IMG/11777.png;1;11777;La carta tiene numero #11777 y se llama Ritual del Guardia¡n de la Puerta siendo una carta de tipo 1.
601;Ritual del Lean de Guerra;/IMG/11783.png;1;11783;La carta tiene numero #11783 y se llama Ritual del Lean de Guerra siendo una carta de tipo 1.
602;Ritual del Tatere;/IMG/11805.png;1;11805;La carta tiene numero #11805 y se llama Ritual del Tatere siendo una carta de tipo 1.
603;Robopatrulla;/IMG/11690.png;2;11690;La carta tiene numero #11690 y se llama Robopatrulla siendo una carta de tipo 2.
604;Roca Caaan;/IMG/11565.png;2;11565;La carta tiene numero #11565 y se llama Roca Caaan siendo una carta de tipo 2.
605;Rompemaldiciones;/IMG/11765.png;1;11765;La carta tiene numero #11765 y se llama Rompemaldiciones siendo una carta de tipo 1.
606;Rose Specter de Dunn;/IMG/11704.png;2;11704;La carta tiene numero #11704 y se llama Rose Specter de Dunn siendo una carta de tipo 2.
607;Ruina Generalizada;/IMG/11796.png;3;11796;La carta tiene numero #11796 y se llama Ruina Generalizada siendo una carta de tipo 3.
608;RyuKishin;/IMG/11115.png;2;11115;La carta tiene numero #11115 y se llama RyuKishin siendo una carta de tipo 2.
609;RyuKishin Energizado;/IMG/11487.png;2;11487;La carta tiene numero #11487 y se llama RyuKishin Energizado siendo una carta de tipo 2.
610;Sabiduraa Manchada;/IMG/11272.png;2;11272;La carta tiene numero #11272 y se llama Sabiduraa Manchada siendo una carta de tipo 2.
611;Saggi el Payaso Oscuro;/IMG/11144.png;2;11144;La carta tiene numero #11144 y se llama Saggi el Payaso Oscuro siendo una carta de tipo 2.
612;Salamandra;/IMG/11764.png;3;11764;La carta tiene numero #11764 y se llama Salamandra siendo una carta de tipo 3.
613;Sanga del Trueno;/IMG/11481.png;2;11481;La carta tiene numero #11481 y se llama Sanga del Trueno siendo una carta de tipo 2.
614;Sangan;/IMG/11158.png;2;11158;La carta tiene numero #11158 y se llama Sangan siendo una carta de tipo 2.
615;Sapo Viscoso;/IMG/11659.png;2;11659;La carta tiene numero #11659 y se llama Sapo Viscoso siendo una carta de tipo 2.
616;Scizzar Valiente;/IMG/11624.png;2;11624;La carta tiene numero #11624 y se llama Scizzar Valiente siendo una carta de tipo 2.
617;Seadra, la Punzante;/IMG/11558.png;2;11558;La carta tiene numero #11558 y se llama Seadra, la Punzante siendo una carta de tipo 2.
618;Sectario de los Secretos;/IMG/11378.png;2;11378;La carta tiene numero #11378 y se llama Sectario de los Secretos siendo una carta de tipo 2.
619;Segadora de Fuego;/IMG/11264.png;2;11264;La carta tiene numero #11264 y se llama Segadora de Fuego siendo una carta de tipo 2.
620;Segadora de las Cartas;/IMG/11194.png;2;11194;La carta tiene numero #11194 y se llama Segadora de las Cartas siendo una carta de tipo 2.
621;Seguir al Viento;/IMG/11437.png;3;11437;La carta tiene numero #11437 y se llama Seguir al Viento siendo una carta de tipo 3.
622;Seiyaryu;/IMG/11468.png;2;11468;La carta tiene numero #11468 y se llama Seiyaryu siendo una carta de tipo 2.
623;Sengenjin;/IMG/11813.png;2;11813;La carta tiene numero #11813 y se llama Sengenjin siendo una carta de tipo 2.
624;Seaor de la La¡mpara;/IMG/11259.png;2;11259;La carta tiene numero #11259 y se llama Seaor de la La¡mpara siendo una carta de tipo 2.
625;Seaor de Zemia;/IMG/11274.png;2;11274;La carta tiene numero #11274 y se llama Seaor de Zemia siendo una carta de tipo 2.
626;Sequaa Eterna;/IMG/11774.png;1;11774;La carta tiene numero #11774 y se llama Sequaa Eterna siendo una carta de tipo 1.
627;Serpiente Aqua;/IMG/11556.png;2;11556;La carta tiene numero #11556 y se llama Serpiente Aqua siendo una carta de tipo 2.
628;Serpiente Elactrica;/IMG/11573.png;2;11573;La carta tiene numero #11573 y se llama Serpiente Elactrica siendo una carta de tipo 2.
629;Serpiente Marina Roja Gigante;/IMG/11557.png;2;11557;La carta tiene numero #11557 y se llama Serpiente Marina Roja Gigante siendo una carta de tipo 2.
630;Serpiente Marina Rugiente;/IMG/11333.png;2;11333;La carta tiene numero #11333 y se llama Serpiente Marina Rugiente siendo una carta de tipo 2.
631;Serpiente Picuda;/IMG/11700.png;2;11700;La carta tiene numero #11700 y se llama Serpiente Picuda siendo una carta de tipo 2.
632;Serpiente Siniestra;/IMG/11585.png;2;11585;La carta tiene numero #11585 y se llama Serpiente Siniestra siendo una carta de tipo 2.
633;Sirena Encantadora;/IMG/11361.png;2;11361;La carta tiene numero #11361 y se llama Sirena Encantadora siendo una carta de tipo 2.
634;Sirena Marina del Arco Iris;/IMG/11604.png;2;11604;La carta tiene numero #11604 y se llama Sirena Marina del Arco Iris siendo una carta de tipo 2.
635;Sirviente de la Calavera;/IMG/11134.png;2;11134;La carta tiene numero #11134 y se llama Sirviente de la Calavera siendo una carta de tipo 2.
636;Skelgon;/IMG/11655.png;2;11655;La carta tiene numero #11655 y se llama Skelgon siendo una carta de tipo 2.
637;Skullbird;/IMG/11631.png;2;11631;La carta tiene numero #11631 y se llama Skullbird siendo una carta de tipo 2.
638;Snakeyashi;/IMG/11730.png;2;11730;La carta tiene numero #11730 y se llama Snakeyashi siendo una carta de tipo 2.
639;Sobras de Madera;/IMG/11338.png;2;11338;La carta tiene numero #11338 y se llama Sobras de Madera siendo una carta de tipo 2.
640;Sogen;/IMG/11443.png;3;11443;La carta tiene numero #11443 y se llama Sogen siendo una carta de tipo 3.
641;Soldado Caaan;/IMG/11622.png;2;11622;La carta tiene numero #11622 y se llama Soldado Caaan siendo una carta de tipo 2.
642;Soldado del Brillo Negro;/IMG/11474.png;2;11474;La carta tiene numero #11474 y se llama Soldado del Brillo Negro siendo una carta de tipo 2.
643;Soldado Gigante de Piedra;/IMG/11184.png;2;11184;La carta tiene numero #11184 y se llama Soldado Gigante de Piedra siendo una carta de tipo 2.
644;Soldado Judaa;/IMG/11621.png;2;11621;La carta tiene numero #11621 y se llama Soldado Judaa siendo una carta de tipo 2.
645;Soldado Meca¡nico Gigante;/IMG/11518.png;2;11518;La carta tiene numero #11518 y se llama Soldado Meca¡nico Gigante siendo una carta de tipo 2.
646;Soldado Pingaino;/IMG/11712.png;2;11712;La carta tiene numero #11712 y se llama Soldado Pingaino siendo una carta de tipo 2.
647;Soldados Insectos del Cielo;/IMG/11588.png;2;11588;La carta tiene numero #11588 y se llama Soldados Insectos del Cielo siendo una carta de tipo 2.
648;Soledad;/IMG/11329.png;2;11329;La carta tiene numero #11329 y se llama Soledad siendo una carta de tipo 2.
649;Sombra Oscura;/IMG/11291.png;2;11291;La carta tiene numero #11291 y se llama Sombra Oscura siendo una carta de tipo 2.
650;Sombrero Ma¡gico Blanco;/IMG/11224.png;2;11224;La carta tiene numero #11224 y se llama Sombrero Ma¡gico Blanco siendo una carta de tipo 2.
651;Suijin;/IMG/11483.png;2;11483;La carta tiene numero #11483 y se llama Suijin siendo una carta de tipo 2.
652;Saper Lean de Guerra;/IMG/11466.png;2;11466;La carta tiene numero #11466 y se llama Saper Lean de Guerra siendo una carta de tipo 2.
653;Sustancia Pegajosa Horripilante;/IMG/11756.png;2;11756;La carta tiene numero #11756 y se llama Sustancia Pegajosa Horripilante siendo una carta de tipo 2.
654;Synchar;/IMG/11298.png;2;11298;La carta tiene numero #11298 y se llama Synchar siendo una carta de tipo 2.
655;Takriminos;/IMG/11463.png;2;11463;La carta tiene numero #11463 y se llama Takriminos siendo una carta de tipo 2.
656;Takuhee;/IMG/11691.png;2;11691;La carta tiene numero #11691 y se llama Takuhee siendo una carta de tipo 2.
657;Tanque Laberinto;/IMG/11480.png;2;11480;La carta tiene numero #11480 y se llama Tanque Laberinto siendo una carta de tipo 2.
658;Tao el Cantor;/IMG/11394.png;2;11394;La carta tiene numero #11394 y se llama Tao el Cantor siendo una carta de tipo 2.
659;Tatsunootoshigo;/IMG/11514.png;2;11514;La carta tiene numero #11514 y se llama Tatsunootoshigo siendo una carta de tipo 2.
660;Templo de Cra¡neos;/IMG/11256.png;2;11256;La carta tiene numero #11256 y se llama Templo de Cra¡neos siendo una carta de tipo 2.
661;Ternura;/IMG/11711.png;2;11711;La carta tiene numero #11711 y se llama Ternura siendo una carta de tipo 2.
662;Terra el Terrible;/IMG/11304.png;2;11304;La carta tiene numero #11304 y se llama Terra el Terrible siendo una carta de tipo 2.
663;Tesoros de Dragan;/IMG/11425.png;4;11425;La carta tiene numero #11425 y se llama Tesoros de Dragan siendo una carta de tipo 4.
664;Tiburan Corrosivo;/IMG/11649.png;2;11649;La carta tiene numero #11649 y se llama Tiburan Corrosivo siendo una carta de tipo 2.
665;Tiburan de Mar Profundo;/IMG/11547.png;2;11547;La carta tiene numero #11547 y se llama Tiburan de Mar Profundo siendo una carta de tipo 2.
666;Tiburan Negro Devorador de Carne Humana;/IMG/11675.png;2;11675;La carta tiene numero #11675 y se llama Tiburan Negro Devorador de Carne Humana siendo una carta de tipo 2.
667;Tigre Tortuga;/IMG/11303.png;2;11303;La carta tiene numero #11303 y se llama Tigre Tortuga siendo una carta de tipo 2.
668;Tita¡n Oscuro del Terror;/IMG/11343.png;2;11343;La carta tiene numero #11343 y se llama Tita¡n Oscuro del Terror siendo una carta de tipo 2.
669;Titiritero Misterioso;/IMG/11276.png;2;11276;La carta tiene numero #11276 y se llama Titiritero Misterioso siendo una carta de tipo 2.
670;Togex;/IMG/11638.png;2;11638;La carta tiene numero #11638 y se llama Togex siendo una carta de tipo 2.
671;Tomozaurio;/IMG/11215.png;2;11215;La carta tiene numero #11215 y se llama Tomozaurio siendo una carta de tipo 2.
672;Tongyo;/IMG/11653.png;2;11653;La carta tiene numero #11653 y se llama Tongyo siendo una carta de tipo 2.
673;Tonificacian;/IMG/11434.png;3;11434;La carta tiene numero #11434 y se llama Tonificacian siendo una carta de tipo 3.
674;Torike;/IMG/11157.png;2;11157;La carta tiene numero #11157 y se llama Torike siendo una carta de tipo 2.
675;Tortuga Blanca de 30.000 Aaos;/IMG/11559.png;2;11559;La carta tiene numero #11559 y se llama Tortuga Blanca de 30.000 Aaos siendo una carta de tipo 2.
676;Tortuga Cangrejo;/IMG/11820.png;2;11820;La carta tiene numero #11820 y se llama Tortuga Cangrejo siendo una carta de tipo 2.
677;Tortuga Catapulta;/IMG/11199.png;2;11199;La carta tiene numero #11199 y se llama Tortuga Catapulta siendo una carta de tipo 2.
678;Tortuga de Roca;/IMG/11628.png;2;11628;La carta tiene numero #11628 y se llama Tortuga de Roca siendo una carta de tipo 2.
679;Tortuga Gigante Que Se Alimenta de Llamas;/IMG/11703.png;2;11703;La carta tiene numero #11703 y se llama Tortuga Gigante Que Se Alimenta de Llamas siendo una carta de tipo 2.
680;Trakodon;/IMG/11680.png;2;11680;La carta tiene numero #11680 y se llama Trakodon siendo una carta de tipo 2.
681;Trampa de Inversian;/IMG/11799.png;3;11799;La carta tiene numero #11799 y se llama Trampa de Inversian siendo una carta de tipo 3.
682;Trampa Falsa;/IMG/11800.png;3;11800;La carta tiene numero #11800 y se llama Trampa Falsa siendo una carta de tipo 3.
683;Trampa para Osos;/IMG/11793.png;3;11793;La carta tiene numero #11793 y se llama Trampa para Osos siendo una carta de tipo 3.
684;Trent;/IMG/11747.png;2;11747;La carta tiene numero #11747 y se llama Trent siendo una carta de tipo 2.
685;Trompetista Alado;/IMG/11769.png;3;11769;La carta tiene numero #11769 y se llama Trompetista Alado siendo una carta de tipo 3.
686;TuruPurun;/IMG/11554.png;2;11554;La carta tiene numero #11554 y se llama TuruPurun siendo una carta de tipo 2.
687;Tyhone;/IMG/11123.png;2;11123;La carta tiene numero #11123 y se llama Tyhone siendo una carta de tipo 2.
688;Tyhone 2;/IMG/11665.png;2;11665;La carta tiene numero #11665 y se llama Tyhone 2 siendo una carta de tipo 2.
689;Umi;/IMG/11444.png;3;11444;La carta tiene numero #11444 y se llama Umi siendo una carta de tipo 3.
690;Uraby;/IMG/11190.png;2;11190;La carta tiene numero #11190 y se llama Uraby siendo una carta de tipo 2.
691;Ushi Oni;/IMG/11511.png;2;11511;La carta tiene numero #11511 y se llama Ushi Oni siendo una carta de tipo 2.
692;Varas Largas Gemelas 1;/IMG/11316.png;2;11316;La carta tiene numero #11316 y se llama Varas Largas Gemelas 1 siendo una carta de tipo 2.
693;Varas Largas Gemelas 2;/IMG/11716.png;2;11716;La carta tiene numero #11716 y se llama Varas Largas Gemelas 2 siendo una carta de tipo 2.
694;Vela del Destino;/IMG/11352.png;2;11352;La carta tiene numero #11352 y se llama Vela del Destino siendo una carta de tipo 2.
695;Vengador Kappa;/IMG/11560.png;2;11560;La carta tiene numero #11560 y se llama Vengador Kappa siendo una carta de tipo 2.
696;Versago el Destructor;/IMG/11379.png;2;11379;La carta tiene numero #11379 y se llama Versago el Destructor siendo una carta de tipo 2.
697;Vabora de Llama;/IMG/11754.png;2;11754;La carta tiene numero #11754 y se llama Vabora de Llama siendo una carta de tipo 2.
698;Virus Aplastacartas;/IMG/11771.png;1;11771;La carta tiene numero #11771 y se llama Virus Aplastacartas siendo una carta de tipo 1.
699;Vishwar Randi;/IMG/11349.png;2;11349;La carta tiene numero #11349 y se llama Vishwar Randi siendo una carta de tipo 2.
700;Wattniao;/IMG/11155.png;2;11155;La carta tiene numero #11155 y se llama Wattniao siendo una carta de tipo 2.
701;Wetha;/IMG/11380.png;2;11380;La carta tiene numero #11380 y se llama Wetha siendo una carta de tipo 2.
702;Wilmee;/IMG/11606.png;2;11606;La carta tiene numero #11606 y se llama Wilmee siendo una carta de tipo 2.
703;Wodan el Habitante del Bosque;/IMG/11345.png;2;11345;La carta tiene numero #11345 y se llama Wodan el Habitante del Bosque siendo una carta de tipo 2.
704;Yado Karu;/IMG/11607.png;2;11607;La carta tiene numero #11607 y se llama Yado Karu siendo una carta de tipo 2.
705;Yaiba Robo;/IMG/11516.png;2;11516;La carta tiene numero #11516 y se llama Yaiba Robo siendo una carta de tipo 2.
706;Yamadron;/IMG/11467.png;2;11467;La carta tiene numero #11467 y se llama Yamadron siendo una carta de tipo 2.
707;Yami;/IMG/11445.png;3;11445;La carta tiene numero #11445 y se llama Yami siendo una carta de tipo 3.
708;Yaranzo;/IMG/11461.png;2;11461;La carta tiene numero #11461 y se llama Yaranzo siendo una carta de tipo 2.
709;Yashinoki;/IMG/11348.png;2;11348;La carta tiene numero #11348 y se llama Yashinoki siendo una carta de tipo 2.
710;Yermo;/IMG/11441.png;3;11441;La carta tiene numero #11441 y se llama Yermo siendo una carta de tipo 3.
711;Yormungarde;/IMG/11676.png;2;11676;La carta tiene numero #11676 y se llama Yormungarde siendo una carta de tipo 2.
712;Zanki;/IMG/11203.png;2;11203;La carta tiene numero #11203 y se llama Zanki siendo una carta de tipo 2.
713;Zarigun;/IMG/11562.png;2;11562;La carta tiene numero #11562 y se llama Zarigun siendo una carta de tipo 2.
714;Zera el Mant;/IMG/11470.png;2;11470;La carta tiene numero #11470 y se llama Zera el Mant siendo una carta de tipo 2.
715;Zoa;/IMG/11501.png;2;11501;La carta tiene numero #11501 y se llama Zoa siendo una carta de tipo 2.
716;Zombi Acorazado;/IMG/11206.png;2;11206;La carta tiene numero #11206 y se llama Zombi Acorazado siendo una carta de tipo 2.
717;Zombi de Dragan;/IMG/11207.png;2;11207;La carta tiene numero #11207 y se llama Zombi de Dragan siendo una carta de tipo 2.
718;Zombi de Plata Ojizarco;/IMG/11249.png;2;11249;La carta tiene numero #11249 y se llama Zombi de Plata Ojizarco siendo una carta de tipo 2.
719;Zombi 2;/IMG/11140.png;2;11140;La carta tiene numero #11140 y se llama Zombi 2 siendo una carta de tipo 2.
720;Zombi Payaso;/IMG/11208.png;2;11208;La carta tiene numero #11208 y se llama Zombi Payaso siendo una carta de tipo 2.
721;Zombi Topo Mech;/IMG/11307.png;2;11307;La carta tiene numero #11307 y se llama Zombi Topo Mech siendo una carta de tipo 2.
722;Zombis de Tres Piernas;/IMG/11469.png;2;11469;La carta tiene numero #11469 y se llama Zombis de Tres Piernas siendo una carta de tipo 2.
