Nº de serie;Nombre;Tipo;Arte;Descripción
11797;Abanico Goblin;3;/IMG/11797.png;La carta tiene número #11797 y se llama Abanico Goblin siendo una carta de tipo 3.
11336;Acechador del Cráneo;2;/IMG/11336.png;La carta tiene número #11336 y se llama Acechador del Cráneo siendo una carta de tipo 2.
11772;Aerosol Erradicador;1;/IMG/11772.png;La carta tiene número #11772 y se llama Aerosol Erradicador siendo una carta de tipo 1.
11351;Agresor Oscuro;2;/IMG/11351.png;La carta tiene número #11351 y se llama Agresor Oscuro siendo una carta de tipo 2.
11541;Agua Helada;2;/IMG/11541.png;La carta tiene número #11541 y se llama Agua Helada siendo una carta de tipo 2.
11574;Águila Alada;2;/IMG/11574.png;La carta tiene número #11574 y se llama Águila Alada siendo una carta de tipo 2.
11575;Águila Castigada;2;/IMG/11575.png;La carta tiene número #11575 y se llama Águila Castigada siendo una carta de tipo 2.
11163;Aguja Asesina;2;/IMG/11163.png;La carta tiene número #11163 y se llama Aguja Asesina siendo una carta de tipo 2.
11446;Agujero Oscuro;1;/IMG/11446.png;La carta tiene número #11446 y se llama Agujero Oscuro siendo una carta de tipo 1.
11795;Agujero Trampa de Ácido;3;/IMG/11795.png;La carta tiene número #11795 y se llama Agujero Trampa de Ácido siendo una carta de tipo 3.
11300;Akakieisu;2;/IMG/11300.png;La carta tiene número #11300 y se llama Akakieisu siendo una carta de tipo 2.
11260;Akihiron;2;/IMG/11260.png;La carta tiene número #11260 y se llama Akihiron siendo una carta de tipo 2.
11794;Alambre Invisible;3;/IMG/11794.png;La carta tiene número #11794 y se llama Alambre Invisible siendo una carta de tipo 3.
11211;Alas de la Llama Perversa;2;/IMG/11211.png;La carta tiene número #11211 y se llama Alas de la Llama Perversa siendo una carta de tipo 2.
11288;Alcanzador de Garra;2;/IMG/11288.png;La carta tiene número #11288 y se llama Alcanzador de Garra siendo una carta de tipo 2.
11587;Alinsection;2;/IMG/11587.png;La carta tiene número #11587 y se llama Alinsection siendo una carta de tipo 2.
11320;Alma de Hinotama;2;/IMG/11320.png;La carta tiene número #11320 y se llama Alma de Hinotama siendo una carta de tipo 2.
11451;Alma de la Pureza;1;/IMG/11451.png;La carta tiene número #11451 y se llama Alma de la Pureza siendo una carta de tipo 1.
11308;Amante Feliz;2;/IMG/11308.png;La carta tiene número #11308 y se llama Amante Feliz siendo una carta de tipo 2.
11736;Amazona de los Mares;2;/IMG/11736.png;La carta tiene número #11736 y se llama Amazona de los Mares siendo una carta de tipo 2.
11594;Ameba;2;/IMG/11594.png;La carta tiene número #11594 y se llama Ameba siendo una carta de tipo 2.
11718;Amistad Brillante;2;/IMG/11718.png;La carta tiene número #11718 y se llama Amistad Brillante siendo una carta de tipo 2.
11250;Amo de los Sapos;2;/IMG/11250.png;La carta tiene número #11250 y se llama Amo de los Sapos siendo una carta de tipo 2.
11334;Amo de Trampa;2;/IMG/11334.png;La carta tiene número #11334 y se llama Amo de Trampa siendo una carta de tipo 2.
11464;Animal de Peluche;2;/IMG/11464.png;La carta tiene número #11464 y se llama Animal de Peluche siendo una carta de tipo 2.
11237;Ansatsu;2;/IMG/11237.png;La carta tiene número #11237 y se llama Ansatsu siendo una carta de tipo 2.
11678;Anthrosaurio;2;/IMG/11678.png;La carta tiene número #11678 y se llama Anthrosaurio siendo una carta de tipo 2.
11685;Antiguo de las Profundidades;2;/IMG/11685.png;La carta tiene número #11685 y se llama Antiguo de las Profundidades siendo una carta de tipo 2.
11738;Aprendiz de Bruja;2;/IMG/11738.png;La carta tiene número #11738 y se llama Aprendiz de Bruja siendo una carta de tipo 2.
11724;Araña Cazadora;2;/IMG/11724.png;La carta tiene número #11724 y se llama Araña Cazadora siendo una carta de tipo 2.
11520;Araña Karakuri;2;/IMG/11520.png;La carta tiene número #11520 y se llama Araña Karakuri siendo una carta de tipo 2.
11500;Araña Lanzadora;2;/IMG/11500.png;La carta tiene número #11500 y se llama Araña Lanzadora siendo una carta de tipo 2.
11383;Árbol Antiguo de la Iluminación;2;/IMG/11383.png;La carta tiene número #11383 y se llama Árbol Antiguo de la Iluminación siendo una carta de tipo 2.
11312;Archidemonio Marmot de la Infamia;2;/IMG/11312.png;La carta tiene número #11312 y se llama Archidemonio Marmot de la Infamia siendo una carta de tipo 2.
11422;Arco y Flecha de Plateados;4;/IMG/11422.png;La carta tiene número #11422 y se llama Arco y Flecha de Plateados siendo una carta de tipo 4.
11641;Arena Mística;2;/IMG/11641.png;La carta tiene número #11641 y se llama Arena Mística siendo una carta de tipo 2.
11290;Arlownay;2;/IMG/11290.png;La carta tiene número #11290 y se llama Arlownay siendo una carta de tipo 2.
11367;4diller de Piedra;2;/IMG/11367.png;La carta tiene número #11367 y se llama 4diller de Piedra siendo una carta de tipo 2.
11533;4dillo Dado;2;/IMG/11533.png;La carta tiene número #11533 y se llama 4dillo Dado siendo una carta de tipo 2.
11415;4dura de Cañón Láser;4;/IMG/11415.png;La carta tiene número #11415 y se llama 4dura de Cañón Láser siendo una carta de tipo 4.
11295;4dura de Ojo;2;/IMG/11295.png;La carta tiene número #11295 y se llama 4dura de Ojo siendo una carta de tipo 2.
11266;4dura Dura;2;/IMG/11266.png;La carta tiene número #11266 y se llama 4dura Dura siendo una carta de tipo 2.
11416;4dura Insecto con Cañón Láser;4;/IMG/11416.png;La carta tiene número #11416 y se llama 4dura Insecto con Cañón Láser siendo una carta de tipo 4.
11282;4ill;2;/IMG/11282.png;La carta tiene número #11282 y se llama 4ill siendo una carta de tipo 2.
11398;Artista oscuro;2;/IMG/11398.png;La carta tiene número #11398 y se llama Artista oscuro siendo una carta de tipo 2.
11385;Asaltante de Tierra Bugroth;2;/IMG/11385.png;La carta tiene número #11385 y se llama Asaltante de Tierra Bugroth siendo una carta de tipo 2.
11515;Asesino de la Espada;2;/IMG/11515.png;La carta tiene número #11515 y se llama Asesino de la Espada siendo una carta de tipo 2.
11758;Atacante Máquina;2;/IMG/11758.png;La carta tiene número #11758 y se llama Atacante Máquina siendo una carta de tipo 2.
11568;Ataque Kaminari;2;/IMG/11568.png;La carta tiene número #11568 y se llama Ataque Kaminari siendo una carta de tipo 2.
11576;Ave de Cráneo Rojo;2;/IMG/11576.png;La carta tiene número #11576 y se llama Ave de Cráneo Rojo siendo una carta de tipo 2.
11235;Ave de Fe;2;/IMG/11235.png;La carta tiene número #11235 y se llama Ave de Fe siendo una carta de tipo 2.
11632;Ave Monstruosa;2;/IMG/11632.png;La carta tiene número #11632 y se llama Ave Monstruosa siendo una carta de tipo 2.
11828;Ballena Fortaleza;2;/IMG/11828.png;La carta tiene número #11828 y se llama Ballena Fortaleza siendo una carta de tipo 2.
11293;Baratija de la Suerte;2;/IMG/11293.png;La carta tiene número #11293 y se llama Baratija de la Suerte siendo una carta de tipo 2.
11196;Barox;2;/IMG/11196.png;La carta tiene número #11196 y se llama Barox siendo una carta de tipo 2.
11114;Bebé Dragón;2;/IMG/11114.png;La carta tiene número #11114 y se llama Bebé Dragón siendo una carta de tipo 2.
11660;Behegon;2;/IMG/11660.png;La carta tiene número #11660 y se llama Behegon siendo una carta de tipo 2.
11569;Bestia de Cable Tendido;2;/IMG/11569.png;La carta tiene número #11569 y se llama Bestia de Cable Tendido siendo una carta de tipo 2.
11364;Bestia Embrionaria;2;/IMG/11364.png;La carta tiene número #11364 y se llama Bestia Embrionaria siendo una carta de tipo 2.
11715;Bestia Líquida;2;/IMG/11715.png;La carta tiene número #11715 y se llama Bestia Líquida siendo una carta de tipo 2.
11727;Bestia marina;2;/IMG/11727.png;La carta tiene número #11727 y se llama Bestia marina siendo una carta de tipo 2.
11707;Bestia Pálida;2;/IMG/11707.png;La carta tiene número #11707 y se llama Bestia Pálida siendo una carta de tipo 2.
11495;Bickuribox;2;/IMG/11495.png;La carta tiene número #11495 y se llama Bickuribox siendo una carta de tipo 2.
11405;Bio Planta;2;/IMG/11405.png;La carta tiene número #11405 y se llama Bio Planta siendo una carta de tipo 2.
11600;Bola de Agujas;2;/IMG/11600.png;La carta tiene número #11600 y se llama Bola de Agujas siendo una carta de tipo 2.
11596;Boo Koo;2;/IMG/11596.png;La carta tiene número #11596 y se llama Boo Koo siendo una carta de tipo 2.
11440;Bosque;3;/IMG/11440.png;La carta tiene número #11440 y se llama Bosque siendo una carta de tipo 3.
11619;Bracchio-raidus;2;/IMG/11619.png;La carta tiene número #11619 y se llama Bracchio-raidus siendo una carta de tipo 2.
11121;Brazo de Espada de Dragón;2;/IMG/11121.png;La carta tiene número #11121 y se llama Brazo de Espada de Dragón siendo una carta de tipo 2.
11129;Brazo Derecho del Prohibido;2;/IMG/11129.png;La carta tiene número #11129 y se llama Brazo Derecho del Prohibido siendo una carta de tipo 2.
11130;Brazo Izquierdo del Prohibido;2;/IMG/11130.png;La carta tiene número #11130 y se llama Brazo Izquierdo del Prohibido siendo una carta de tipo 2.
11684;Bruja del Bosque Negro;2;/IMG/11684.png;La carta tiene número #11684 y se llama Bruja del Bosque Negro siendo una carta de tipo 2.
11732;Bruja Enferma;2;/IMG/11732.png;La carta tiene número #11732 y se llama Bruja Enferma siendo una carta de tipo 2.
11692;Bruja Oscura;2;/IMG/11692.png;La carta tiene número #11692 y se llama Bruja Oscura siendo una carta de tipo 2.
11330;Brujo Enmascarado;2;/IMG/11330.png;La carta tiene número #11330 y se llama Brujo Enmascarado siendo una carta de tipo 2.
11136;Buey de Batalla;2;/IMG/11136.png;La carta tiene número #11136 y se llama Buey de Batalla siendo una carta de tipo 2.
11749;Bugroth Amfibio;2;/IMG/11749.png;La carta tiene número #11749 y se llama Bugroth Amfibio siendo una carta de tipo 2.
11306;Caballero 4;2;/IMG/11306.png;La carta tiene número #11306 y se llama Caballero 4 siendo una carta de tipo 2.
11589;Caballero Cucaracha;2;/IMG/11589.png;La carta tiene número #11589 y se llama Caballero Cucaracha siendo una carta de tipo 2.
11817;Caballero del Cráneo;2;/IMG/11817.png;La carta tiene número #11817 y se llama Caballero del Cráneo siendo una carta de tipo 2.
11309;Caballero Pingüino;2;/IMG/11309.png;La carta tiene número #11309 y se llama Caballero Pingüino siendo una carta de tipo 2.
11731;Caballero Succubus;2;/IMG/11731.png;La carta tiene número #11731 y se llama Caballero Succubus siendo una carta de tipo 2.
11694;Cadena de Aprisionamiento;2;/IMG/11694.png;La carta tiene número #11694 y se llama Cadena de Aprisionamiento siendo una carta de tipo 2.
11244;Cadena Mística de Captura;2;/IMG/11244.png;La carta tiene número #11244 y se llama Cadena Mística de Captura siendo una carta de tipo 2.
11491;Caimán Toon;2;/IMG/11491.png;La carta tiene número #11491 y se llama Caimán Toon siendo una carta de tipo 2.
11654;Cañón de Dh4;2;/IMG/11654.png;La carta tiene número #11654 y se llama Cañón de Dh4 siendo una carta de tipo 2.
11419;Caparazón de Acero;4;/IMG/11419.png;La carta tiene número #11419 y se llama Caparazón de Acero siendo una carta de tipo 4.
11182;Capullo Evolutivo;2;/IMG/11182.png;La carta tiene número #11182 y se llama Capullo Evolutivo siendo una carta de tipo 2.
11251;Caracol con Púas;2;/IMG/11251.png;La carta tiene número #11251 y se llama Caracol con Púas siendo una carta de tipo 2.
11570;Caracol del Rayo;2;/IMG/11570.png;La carta tiene número #11570 y se llama Caracol del Rayo siendo una carta de tipo 2.
11695;Caracol Mecánico;2;/IMG/11695.png;La carta tiene número #11695 y se llama Caracol Mecánico siendo una carta de tipo 2.
11791;Casa de Cinta Adhesiva;3;/IMG/11791.png;La carta tiene número #11791 y se llama Casa de Cinta Adhesiva siendo una carta de tipo 3.
11193;Castillo de las Ilusiones Oscuras;2;/IMG/11193.png;La carta tiene número #11193 y se llama Castillo de las Ilusiones Oscuras siendo una carta de tipo 2.
11581;Cazador de «soul»;2;/IMG/11581.png;La carta tiene número #11581 y se llama Cazador de «soul» siendo una carta de tipo 2.
11636;Cazador de Cuello;2;/IMG/11636.png;La carta tiene número #11636 y se llama Cazador de Cuello siendo una carta de tipo 2.
11610;Cazador de Dragones;2;/IMG/11610.png;La carta tiene número #11610 y se llama Cazador de Dragones siendo una carta de tipo 2.
11525;Cazamecánico;2;/IMG/11525.png;La carta tiene número #11525 y se llama Cazamecánico siendo una carta de tipo 2.
11169;Cementerio de Mamuts;2;/IMG/11169.png;La carta tiene número #11169 y se llama Cementerio de Mamuts siendo una carta de tipo 2.
11218;Cementerio y la Mano de la Invitación;2;/IMG/11218.png;La carta tiene número #11218 y se llama Cementerio y la Mano de la Invitación siendo una carta de tipo 2.
11555;Centinela de los Mares;2;/IMG/11555.png;La carta tiene número #11555 y se llama Centinela de los Mares siendo una carta de tipo 2.
11285;Cerebro Antiguo;2;/IMG/11285.png;La carta tiene número #11285 y se llama Cerebro Antiguo siendo una carta de tipo 2.
11639;Cerebrus de Llamas;2;/IMG/11639.png;La carta tiene número #11639 y se llama Cerebrus de Llamas siendo una carta de tipo 2.
11819;Chakra;2;/IMG/11819.png;La carta tiene número #11819 y se llama Chakra siendo una carta de tipo 2.
11243;Charubin, el Caballero del Fuego;2;/IMG/11243.png;La carta tiene número #11243 y se llama Charubin, el Caballero del Fuego siendo una carta de tipo 2.
11545;Chica Agua;2;/IMG/11545.png;La carta tiene número #11545 y se llama Chica Agua siendo una carta de tipo 2.
11634;Chico Estrella;2;/IMG/11634.png;La carta tiene número #11634 y se llama Chico Estrella siendo una carta de tipo 2.
11453;Chispas;1;/IMG/11453.png;La carta tiene número #11453 y se llama Chispas siendo una carta de tipo 1.
11531;Ciber Comandante;2;/IMG/11531.png;La carta tiene número #11531 y se llama Ciber Comandante siendo una carta de tipo 2.
11427;Ciber Escudo;4;/IMG/11427.png;La carta tiene número #11427 y se llama Ciber Escudo siendo una carta de tipo 4.
11523;Ciber Soldado;2;/IMG/11523.png;La carta tiene número #11523 y se llama Ciber Soldado siendo una carta de tipo 2.
11407;Cíber Soldado de lo Oscuro;2;/IMG/11407.png;La carta tiene número #11407 y se llama Cíber Soldado de lo Oscuro siendo una carta de tipo 2.
11618;Ciber-Saurio;2;/IMG/11618.png;La carta tiene número #11618 y se llama Ciber-Saurio siendo una carta de tipo 2.
11530;Ciberstein;2;/IMG/11530.png;La carta tiene número #11530 y se llama Ciberstein siendo una carta de tipo 2.
11459;Círculo Atahechizos;1;/IMG/11459.png;La carta tiene número #11459 y se llama Círculo Atahechizos siendo una carta de tipo 1.
11421;Colgante Negro;4;/IMG/11421.png;La carta tiene número #11421 y se llama Colgante Negro siendo una carta de tipo 4.
11175;Colmillo Plateado;2;/IMG/11175.png;La carta tiene número #11175 y se llama Colmillo Plateado siendo una carta de tipo 2.
11418;Colmillos de Bestia;4;/IMG/11418.png;La carta tiene número #11418 y se llama Colmillos de Bestia siendo una carta de tipo 4.
11503;Comilón de Zona;2;/IMG/11503.png;La carta tiene número #11503 y se llama Comilón de Zona siendo una carta de tipo 2.
11494;Conejo Oscuro;2;/IMG/11494.png;La carta tiene número #11494 y se llama Conejo Oscuro siendo una carta de tipo 2.
11803;Contrato de Máscara;1;/IMG/11803.png;La carta tiene número #11803 y se llama Contrato de Máscara siendo una carta de tipo 1.
11240;Control del Clima;2;/IMG/11240.png;La carta tiene número #11240 y se llama Control del Clima siendo una carta de tipo 2.
11746;Corona Alada Azul;2;/IMG/11746.png;La carta tiene número #11746 y se llama Corona Alada Azul siendo una carta de tipo 2.
11214;Cortina de los Oscuros;2;/IMG/11214.png;La carta tiene número #11214 y se llama Cortina de los Oscuros siendo una carta de tipo 2.
11132;Cráneo Convocado;2;/IMG/11132.png;La carta tiene número #11132 y se llama Cráneo Convocado siendo una carta de tipo 2.
11432;Cristal Violeta;3;/IMG/11432.png;La carta tiene número #11432 y se llama Cristal Violeta siendo una carta de tipo 3.
11319;Cuchilla Alada;2;/IMG/11319.png;La carta tiene número #11319 y se llama Cuchilla Alada siendo una carta de tipo 2.
11423;Cuerno de Luz;4;/IMG/11423.png;La carta tiene número #11423 y se llama Cuerno de Luz siendo una carta de tipo 4.
11424;Cuerno del Unicornio;4;/IMG/11424.png;La carta tiene número #11424 y se llama Cuerno del Unicornio siendo una carta de tipo 4.
11760;Cuervo de Cola de Látigo;2;/IMG/11760.png;La carta tiene número #11760 y se llama Cuervo de Cola de Látigo siendo una carta de tipo 2.
11448;Curry de Mooyan;1;/IMG/11448.png;La carta tiene número #11448 y se llama Curry de Mooyan siendo una carta de tipo 1.
11396;Custodio;2;/IMG/11396.png;La carta tiene número #11396 y se llama Custodio siendo una carta de tipo 2.
11683;D Pequeño;2;/IMG/11683.png;La carta tiene número #11683 y se llama D Pequeño siendo una carta de tipo 2.
11612;D. Humano;2;/IMG/11612.png;La carta tiene número #11612 y se llama D. Humano siendo una carta de tipo 2.
11172;Dama Arpía;2;/IMG/11172.png;La carta tiene número #11172 y se llama Dama Arpía siendo una carta de tipo 2.
11722;Dama de la Fé;2;/IMG/11722.png;La carta tiene número #11722 y se llama Dama de la Fé siendo una carta de tipo 2.
11786;Danza de Inicio;1;/IMG/11786.png;La carta tiene número #11786 y se llama Danza de Inicio siendo una carta de tipo 1.
11297;Deeg de la Puerta;2;/IMG/11297.png;La carta tiene número #11297 y se llama Deeg de la Puerta siendo una carta de tipo 2.
11546;Delfín Blanco;2;/IMG/11546.png;La carta tiene número #11546 y se llama Delfín Blanco siendo una carta de tipo 2.
11332;Demonio de Medianoche;2;/IMG/11332.png;La carta tiene número #11332 y se llama Demonio de Medianoche siendo una carta de tipo 2.
11766;Descanso Eterno;1;/IMG/11766.png;La carta tiene número #11766 y se llama Descanso Eterno siendo una carta de tipo 1.
11673;Desdichado Fantasma del Desván;2;/IMG/11673.png;La carta tiene número #11673 y se llama Desdichado Fantasma del Desván siendo una carta de tipo 2.
11582;Devorador de Aire;2;/IMG/11582.png;La carta tiene número #11582 y se llama Devorador de Aire siendo una carta de tipo 2.
11268;Devoradora de Hombres;2;/IMG/11268.png;La carta tiene número #11268 y se llama Devoradora de Hombres siendo una carta de tipo 2.
11135;Diablillo de Cuerno;2;/IMG/11135.png;La carta tiene número #11135 y se llama Diablillo de Cuerno siendo una carta de tipo 2.
11116;Diablillo Salvaje;2;/IMG/11116.png;La carta tiene número #11116 y se llama Diablillo Salvaje siendo una carta de tipo 2.
11452;Dian Keto, el Señora de la Curación;1;/IMG/11452.png;La carta tiene número #11452 y se llama Dian Keto, el Señora de la Curación siendo una carta de tipo 1.
11219;Diosa con el Tercer Ojo;2;/IMG/11219.png;La carta tiene número #11219 y se llama Diosa con el Tercer Ojo siendo una carta de tipo 2.
11539;Diosa del Capricho;2;/IMG/11539.png;La carta tiene número #11539 y se llama Diosa del Capricho siendo una carta de tipo 2.
11354;Disuelverocas;2;/IMG/11354.png;La carta tiene número #11354 y se llama Disuelverocas siendo una carta de tipo 2.
11254;Djinn, el Observador del Viento;2;/IMG/11254.png;La carta tiene número #11254 y se llama Djinn, el Observador del Viento siendo una carta de tipo 2.
11263;Dokuroizo, el Segador;2;/IMG/11263.png;La carta tiene número #11263 y se llama Dokuroizo, el Segador siendo una carta de tipo 2.
11829;Dokurorider;2;/IMG/11829.png;La carta tiene número #11829 y se llama Dokurorider siendo una carta de tipo 2.
11221;Doma, el Ángel del Silencio;2;/IMG/11221.png;La carta tiene número #11221 y se llama Doma, el Ángel del Silencio siendo una carta de tipo 2.
11486;Domador de Monstruos;2;/IMG/11486.png;La carta tiene número #11486 y se llama Domador de Monstruos siendo una carta de tipo 2.
11741;Doncella de la Luz de la Luna;2;/IMG/11741.png;La carta tiene número #11741 y se llama Doncella de la Luz de la Luna siendo una carta de tipo 2.
11409;Doncella Sónica;2;/IMG/11409.png;La carta tiene número #11409 y se llama Doncella Sónica siendo una carta de tipo 2.
11305;Doron;2;/IMG/11305.png;La carta tiene número #11305 y se llama Doron siendo una carta de tipo 2.
11315;Dorover;2;/IMG/11315.png;La carta tiene número #11315 y se llama Dorover siendo una carta de tipo 2.
11117;Dragón Alado, Guardián de la Fortaleza 1;2;/IMG/11117.png;La carta tiene número #11117 y se llama Dragón Alado, Guardián de la Fortaleza 1 siendo una carta de tipo 2.
11662;Dragón Alado, Guardián de la Fortaleza 2;2;/IMG/11662.png;La carta tiene número #11662 y se llama Dragón Alado, Guardián de la Fortaleza 2 siendo una carta de tipo 2.
11111;Dragón Blanco de Ojos Azules;2;/IMG/11111.png;La carta tiene número #11111 y se llama Dragón Blanco de Ojos Azules siendo una carta de tipo 2.
11552;Dragón de Aqua;2;/IMG/11552.png;La carta tiene número #11552 y se llama Dragón de Aqua siendo una carta de tipo 2.
11327;Dragón de Cráneo Negro;2;/IMG/11327.png;La carta tiene número #11327 y se llama Dragón de Cráneo Negro siendo una carta de tipo 2.
11120;Dragón de Fuego de la Tierra Negra;2;/IMG/11120.png;La carta tiene número #11120 y se llama Dragón de Fuego de la Tierra Negra siendo una carta de tipo 2.
11278;Dragón de Fuego Oscuro;2;/IMG/11278.png;La carta tiene número #11278 y se llama Dragón de Fuego Oscuro siendo una carta de tipo 2.
11141;Dragón de Koumori;2;/IMG/11141.png;La carta tiene número #11141 y se llama Dragón de Koumori siendo una carta de tipo 2.
11519;Dragón de Metal;2;/IMG/11519.png;La carta tiene número #11519 y se llama Dragón de Metal siendo una carta de tipo 2.
11490;Dragón de Ojos Azules Definitivo;2;/IMG/11490.png;La carta tiene número #11490 y se llama Dragón de Ojos Azules Definitivo siendo una carta de tipo 2.
11536;Dragón de Piedra;2;/IMG/11536.png;La carta tiene número #11536 y se llama Dragón de Piedra siendo una carta de tipo 2.
11815;Dragón de Tres Cuernos;2;/IMG/11815.png;La carta tiene número #11815 y se llama Dragón de Tres Cuernos siendo una carta de tipo 2.
11535;Dragón de Trueno;2;/IMG/11535.png;La carta tiene número #11535 y se llama Dragón de Trueno siendo una carta de tipo 2.
11723;Dragón de Trueno de Cabezas Gemelas;2;/IMG/11723.png;La carta tiene número #11723 y se llama Dragón de Trueno de Cabezas Gemelas siendo una carta de tipo 2.
11785;Dragón Definitivo;1;/IMG/11785.png;La carta tiene número #11785 y se llama Dragón Definitivo siendo una carta de tipo 1.
11534;Dragón del Cielo;2;/IMG/11534.png;La carta tiene número #11534 y se llama Dragón del Cielo siendo una carta de tipo 2.
11406;Dragón Escudo de Ojo Único;2;/IMG/11406.png;La carta tiene número #11406 y se llama Dragón Escudo de Ojo Único siendo una carta de tipo 2.
11713;Dragón Hada;2;/IMG/11713.png;La carta tiene número #11713 y se llama Dragón Hada siendo una carta de tipo 2.
11537;Dragón Kaiser;2;/IMG/11537.png;La carta tiene número #11537 y se llama Dragón Kaiser siendo una carta de tipo 2.
11493;Dragón Loro;2;/IMG/11493.png;La carta tiene número #11493 y se llama Dragón Loro siendo una carta de tipo 2.
11408;Dragón Malvado con la Cabeza de Repuesto;2;/IMG/11408.png;La carta tiene número #11408 y se llama Dragón Malvado con la Cabeza de Repuesto siendo una carta de tipo 2.
11496;Dragón Mascota de Arpía;2;/IMG/11496.png;La carta tiene número #11496 y se llama Dragón Mascota de Arpía siendo una carta de tipo 2.
11671;Dragón Menor;2;/IMG/11671.png;La carta tiene número #11671 y se llama Dragón Menor siendo una carta de tipo 2.
11822;Dragón Meteoro;2;/IMG/11822.png;La carta tiene número #11822 y se llama Dragón Meteoro siendo una carta de tipo 2.
11823;Dragón Meteoro Negro;2;/IMG/11823.png;La carta tiene número #11823 y se llama Dragón Meteoro Negro siendo una carta de tipo 2.
11179;Dragón Milenario;2;/IMG/11179.png;La carta tiene número #11179 y se llama Dragón Milenario siendo una carta de tipo 2.
11192;Dragón Negro de Ojos Rojos;2;/IMG/11192.png;La carta tiene número #11192 y se llama Dragón Negro de Ojos Rojos siendo una carta de tipo 2.
11204;Dragón Reptante;2;/IMG/11204.png;La carta tiene número #11204 y se llama Dragón Reptante siendo una carta de tipo 2.
11191;Dragón Reptante 2;2;/IMG/11191.png;La carta tiene número #11191 y se llama Dragón Reptante 2 siendo una carta de tipo 2.
11553;Dragón Rey de los Mares;2;/IMG/11553.png;La carta tiene número #11553 y se llama Dragón Rey de los Mares siendo una carta de tipo 2.
11816;Dragón Serpiente de la Noche;2;/IMG/11816.png;La carta tiene número #11816 y se llama Dragón Serpiente de la Noche siendo una carta de tipo 2.
11801;Dragón Serpiente de la Noche Resurrecto;1;/IMG/11801.png;La carta tiene número #11801 y se llama Dragón Serpiente de la Noche Resurrecto siendo una carta de tipo 1.
11404;Dragoness, el Caballero Perverso;2;/IMG/11404.png;La carta tiene número #11404 y se llama Dragoness, el Caballero Perverso siendo una carta de tipo 2.
11326;Dryad;2;/IMG/11326.png;La carta tiene número #11326 y se llama Dryad siendo una carta de tipo 2.
11543;Duende Antiguo;2;/IMG/11543.png;La carta tiene número #11543 y se llama Duende Antiguo siendo una carta de tipo 2.
11112;Duende Místico;2;/IMG/11112.png;La carta tiene número #11112 y se llama Duende Místico siendo una carta de tipo 2.
11661;Duende Oscuro;2;/IMG/11661.png;La carta tiene número #11661 y se llama Duende Oscuro siendo una carta de tipo 2.
11792;Eatgaboon;3;/IMG/11792.png;La carta tiene número #11792 y se llama Eatgaboon siendo una carta de tipo 3.
11428;Egotista Elegante;4;/IMG/11428.png;La carta tiene número #11428 y se llama Egotista Elegante siendo una carta de tipo 4.
11633;El Carnicero del Bistró;2;/IMG/11633.png;La carta tiene número #11633 y se llama El Carnicero del Bistró siendo una carta de tipo 2.
11666;El Condenado Errante;2;/IMG/11666.png;La carta tiene número #11666 y se llama El Condenado Errante siendo una carta de tipo 2.
11242;El Decimotercer Sepulcro;2;/IMG/11242.png;La carta tiene número #11242 y se llama El Decimotercer Sepulcro siendo una carta de tipo 2.
11745;El Doble de la Reina;2;/IMG/11745.png;La carta tiene número #11745 y se llama El Doble de la Reina siendo una carta de tipo 2.
11350;El Drdek;2;/IMG/11350.png;La carta tiene número #11350 y se llama El Drdek siendo una carta de tipo 2.
11375;El Furioso Rey de los Mares;2;/IMG/11375.png;La carta tiene número #11375 y se llama El Furioso Rey de los Mares siendo una carta de tipo 2.
11572;El Inmortal del Trueno;2;/IMG/11572.png;La carta tiene número #11572 y se llama El Inmortal del Trueno siendo una carta de tipo 2.
11255;El Ladrón Fantasma Encantador;2;/IMG/11255.png;La carta tiene número #11255 y se llama El Ladrón Fantasma Encantador siendo una carta de tipo 2.
11146;El Pelo de Serpiente;2;/IMG/11146.png;La carta tiene número #11146 y se llama El Pelo de Serpiente siendo una carta de tipo 2.
11372;El Pequeño Espadachín de Aile;2;/IMG/11372.png;La carta tiene número #11372 y se llama El Pequeño Espadachín de Aile siendo una carta de tipo 2.
11356;El que Caza Almas;2;/IMG/11356.png;La carta tiene número #11356 y se llama El que Caza Almas siendo una carta de tipo 2.
11450;El Remedio Secreto del Trasgo;1;/IMG/11450.png;La carta tiene número #11450 y se llama El Remedio Secreto del Trasgo siendo una carta de tipo 1.
11640;Eldeen;2;/IMG/11640.png;La carta tiene número #11640 y se llama Eldeen siendo una carta de tipo 2.
11426;Electro-Látigo;4;/IMG/11426.png;La carta tiene número #11426 y se llama Electro-Látigo siendo una carta de tipo 4.
11353;Elemento Agua;2;/IMG/11353.png;La carta tiene número #11353 y se llama Elemento Agua siendo una carta de tipo 2.
11436;Elevar el Calor Corporal;3;/IMG/11436.png;La carta tiene número #11436 y se llama Elevar el Calor Corporal siendo una carta de tipo 3.
11505;Elfo Danzante;2;/IMG/11505.png;La carta tiene número #11505 y se llama Elfo Danzante siendo una carta de tipo 2.
11642;Elfo Géminis;2;/IMG/11642.png;La carta tiene número #11642 y se llama Elfo Géminis siendo una carta de tipo 2.
11374;Elfo Huevo Alado;2;/IMG/11374.png;La carta tiene número #11374 y se llama Elfo Huevo Alado siendo una carta de tipo 2.
11763;Eliminación de 2s;1;/IMG/11763.png;La carta tiene número #11763 y se llama Eliminación de 2s siendo una carta de tipo 1.
11510;Emperador de la Tierra y el Mar;2;/IMG/11510.png;La carta tiene número #11510 y se llama Emperador de la Tierra y el Mar siendo una carta de tipo 2.
11413;Energía Oscura;4;/IMG/11413.png;La carta tiene número #11413 y se llama Energía Oscura siendo una carta de tipo 4.
11544;Entrenadora Hermosa de Bestias;2;/IMG/11544.png;La carta tiene número #11544 y se llama Entrenadora Hermosa de Bestias siendo una carta de tipo 2.
11400;Enviado de la Luna;2;/IMG/11400.png;La carta tiene número #11400 y se llama Enviado de la Luna siendo una carta de tipo 2.
11827;Escarabajo de la Jabalina;2;/IMG/11827.png;La carta tiene número #11827 y se llama Escarabajo de la Jabalina siendo una carta de tipo 2.
11162;Escarabajo Hércules;2;/IMG/11162.png;La carta tiene número #11162 y se llama Escarabajo Hércules siendo una carta de tipo 2.
11504;Escorpión de Acero;2;/IMG/11504.png;La carta tiene número #11504 y se llama Escorpión de Acero siendo una carta de tipo 2.
11226;Escorpión de Pesadilla;2;/IMG/11226.png;La carta tiene número #11226 y se llama Escorpión de Pesadilla siendo una carta de tipo 2.
11686;Escorpión Gigante de la Tundra;2;/IMG/11686.png;La carta tiene número #11686 y se llama Escorpión Gigante de la Tundra siendo una carta de tipo 2.
11472;Escudo Milenario;2;/IMG/11472.png;La carta tiene número #11472 y se llama Escudo Milenario siendo una carta de tipo 2.
11222;Eso que se Alimenta de la Vida;2;/IMG/11222.png;La carta tiene número #11222 y se llama Eso que se Alimenta de la Vida siendo una carta de tipo 2.
11412;Espada de la Destrucción Oscura;4;/IMG/11412.png;La carta tiene número #11412 y se llama Espada de la Destrucción Oscura siendo una carta de tipo 4.
11335;Espada Demoníaca;2;/IMG/11335.png;La carta tiene número #11335 y se llama Espada Demoníaca siendo una carta de tipo 2.
11826;Espada G4;2;/IMG/11826.png;La carta tiene número #11826 y se llama Espada G4 siendo una carta de tipo 2.
11411;Espada Legendaria;4;/IMG/11411.png;La carta tiene número #11411 y se llama Espada Legendaria siendo una carta de tipo 4.
11125;Espadachín de la Llama;2;/IMG/11125.png;La carta tiene número #11125 y se llama Espadachín de la Llama siendo una carta de tipo 2.
11509;Espadachín de una Tierra Lejana;2;/IMG/11509.png;La carta tiene número #11509 y se llama Espadachín de una Tierra Lejana siendo una carta de tipo 2.
11488;Espadachín Vengador;2;/IMG/11488.png;La carta tiene número #11488 y se llama Espadachín Vengador siendo una carta de tipo 2.
11458;Espadas de la Luz Reveladora;1;/IMG/11458.png;La carta tiene número #11458 y se llama Espadas de la Luz Reveladora siendo una carta de tipo 1.
11119;Espectro de sombra;2;/IMG/11119.png;La carta tiene número #11119 y se llama Espectro de sombra siendo una carta de tipo 2.
11313;Espectro Fantasma;2;/IMG/11313.png;La carta tiene número #11313 y se llama Espectro Fantasma siendo una carta de tipo 2.
11371;Espejo Archidemonio;2;/IMG/11371.png;La carta tiene número #11371 y se llama Espejo Archidemonio siendo una carta de tipo 2.
11213;Espejo de Cambio de Trabajo;2;/IMG/11213.png;La carta tiene número #11213 y se llama Espejo de Cambio de Trabajo siendo una carta de tipo 2.
11475;Espejo Demoníaco;2;/IMG/11475.png;La carta tiene número #11475 y se llama Espejo Demoníaco siendo una carta de tipo 2.
11677;Espinas de Darkworld;2;/IMG/11677.png;La carta tiene número #11677 y se llama Espinas de Darkworld siendo una carta de tipo 2.
11635;Espíritu de la Montaña;2;/IMG/11635.png;La carta tiene número #11635 y se llama Espíritu de la Montaña siendo una carta de tipo 2.
11227;Espíritu de los Libros;2;/IMG/11227.png;La carta tiene número #11227 y se llama Espíritu de los Libros siendo una carta de tipo 2.
11216;Espíritu de los Vientos;2;/IMG/11216.png;La carta tiene número #11216 y se llama Espíritu de los Vientos siendo una carta de tipo 2.
11729;Espíritu de Roca;2;/IMG/11729.png;La carta tiene número #11729 y se llama Espíritu de Roca siendo una carta de tipo 2.
11280;Espíritu del Arpa;2;/IMG/11280.png;La carta tiene número #11280 y se llama Espíritu del Arpa siendo una carta de tipo 2.
11650;Esqueletángel;2;/IMG/11650.png;La carta tiene número #11650 y se llama Esqueletángel siendo una carta de tipo 2.
11248;Estatua Dragón;2;/IMG/11248.png;La carta tiene número #11248 y se llama Estatua Dragón siendo una carta de tipo 2.
11725;Estrellas de Mar Blindadas;2;/IMG/11725.png;La carta tiene número #11725 y se llama Estrellas de Mar Blindadas siendo una carta de tipo 2.
11524;Excavador Aplastador;2;/IMG/11524.png;La carta tiene número #11524 y se llama Excavador Aplastador siendo una carta de tipo 2.
11811;Exhibición de Espada;2;/IMG/11811.png;La carta tiene número #11811 y se llama Exhibición de Espada siendo una carta de tipo 2.
11131;Exodia, el Prohibido;2;/IMG/11131.png;La carta tiene número #11131 y se llama Exodia, el Prohibido siendo una carta de tipo 2.
11721;Explorador Sombrío de Hiro;2;/IMG/11721.png;La carta tiene número #11721 y se llama Explorador Sombrío de Hiro siendo una carta de tipo 2.
11435;Fábrica de Conversión de Máquinas;3;/IMG/11435.png;La carta tiene número #11435 y se llama Fábrica de Conversión de Máquinas siendo una carta de tipo 3.
11567;Fantasma de Piedra;2;/IMG/11567.png;La carta tiene número #11567 y se llama Fantasma de Piedra siendo una carta de tipo 2.
11289;Fantasma Dewan;2;/IMG/11289.png;La carta tiene número #11289 y se llama Fantasma Dewan siendo una carta de tipo 2.
11325;Fantasma Flamígero;2;/IMG/11325.png;La carta tiene número #11325 y se llama Fantasma Flamígero siendo una carta de tipo 2.
11246;Fantasma Ingenioso;2;/IMG/11246.png;La carta tiene número #11246 y se llama Fantasma Ingenioso siendo una carta de tipo 2.
11580;Fantasma Mágico;2;/IMG/11580.png;La carta tiene número #11580 y se llama Fantasma Mágico siendo una carta de tipo 2.
11401;Fireyarou;2;/IMG/11401.png;La carta tiene número #11401 y se llama Fireyarou siendo una carta de tipo 2.
11689;Flor de Abismo;2;/IMG/11689.png;La carta tiene número #11689 y se llama Flor de Abismo siendo una carta de tipo 2.
11598;Flor del Arco Iris;2;/IMG/11598.png;La carta tiene número #11598 y se llama Flor del Arco Iris siendo una carta de tipo 2.
11620;Flor Risueña;2;/IMG/11620.png;La carta tiene número #11620 y se llama Flor Risueña siendo una carta de tipo 2.
11698;Florero Viviente;2;/IMG/11698.png;La carta tiene número #11698 y se llama Florero Viviente siendo una carta de tipo 2.
11457;Fuego Tremendo;1;/IMG/11457.png;La carta tiene número #11457 y se llama Fuego Tremendo siendo una carta de tipo 1.
11299;Fusionador;2;/IMG/11299.png;La carta tiene número #11299 y se llama Fusionador siendo una carta de tipo 2.
11148;Gaia el Caballero Feroz;2;/IMG/11148.png;La carta tiene número #11148 y se llama Gaia el Caballero Feroz siendo una carta de tipo 2.
11147;Gaia el Campeón Dragón;2;/IMG/11147.png;La carta tiene número #11147 y se llama Gaia el Campeón Dragón siendo una carta de tipo 2.
11150;Gaitero Dragón;2;/IMG/11150.png;La carta tiene número #11150 y se llama Gaitero Dragón siendo una carta de tipo 2.
11616;Gale Dogra;2;/IMG/11616.png;La carta tiene número #11616 y se llama Gale Dogra siendo una carta de tipo 2.
11586;Ganigumo;2;/IMG/11586.png;La carta tiene número #11586 y se llama Ganigumo siendo una carta de tipo 2.
11178;Garoozis;2;/IMG/11178.png;La carta tiene número #11178 y se llama Garoozis siendo una carta de tipo 2.
11593;Garvas;2;/IMG/11593.png;La carta tiene número #11593 y se llama Garvas siendo una carta de tipo 2.
11294;Genin;2;/IMG/11294.png;La carta tiene número #11294 y se llama Genin siendo una carta de tipo 2.
11706;Ghoul con Apetito;2;/IMG/11706.png;La carta tiene número #11706 y se llama Ghoul con Apetito siendo una carta de tipo 2.
11478;Ghoul de las Sombras;2;/IMG/11478.png;La carta tiene número #11478 y se llama Ghoul de las Sombras siendo una carta de tipo 2.
11113;Gigante Hitotsu-Me;2;/IMG/11113.png;La carta tiene número #11113 y se llama Gigante Hitotsu-Me siendo una carta de tipo 2.
11529;Giganto;2;/IMG/11529.png;La carta tiene número #11529 y se llama Giganto siendo una carta de tipo 2.
11499;Giltia el Caballero D.;2;/IMG/11499.png;La carta tiene número #11499 y se llama Giltia el Caballero D. siendo una carta de tipo 2.
11328;Gobernador Oscuro Dos Bocas;2;/IMG/11328.png;La carta tiene número #11328 y se llama Gobernador Oscuro Dos Bocas siendo una carta de tipo 2.
11687;Goblin Cuervo;2;/IMG/11687.png;La carta tiene número #11687 y se llama Goblin Cuervo siendo una carta de tipo 2.
11164;Gokibore;2;/IMG/11164.png;La carta tiene número #11164 y se llama Gokibore siendo una carta de tipo 2.
11564;Golem de Destructor;2;/IMG/11564.png;La carta tiene número #11564 y se llama Golem de Destructor siendo una carta de tipo 2.
11563;Golem Milenario;2;/IMG/11563.png;La carta tiene número #11563 y se llama Golem Milenario siendo una carta de tipo 2.
11528;Golgoil;2;/IMG/11528.png;La carta tiene número #11528 y se llama Golgoil siendo una carta de tipo 2.
11583;Gorrión de Vermillion;2;/IMG/11583.png;La carta tiene número #11583 y se llama Gorrión de Vermillion siendo una carta de tipo 2.
11170;Gran Blanco;2;/IMG/11170.png;La carta tiene número #11170 y se llama Gran Blanco siendo una carta de tipo 2.
11674;Gran Mamut de Goldfine;2;/IMG/11674.png;La carta tiene número #11674 y se llama Gran Mamut de Goldfine siendo una carta de tipo 2.
11167;Gran Moth;2;/IMG/11167.png;La carta tiene número #11167 y se llama Gran Moth siendo una carta de tipo 2.
11177;Gran Moth Definitivo Perfecto;2;/IMG/11177.png;La carta tiene número #11177 y se llama Gran Moth Definitivo Perfecto siendo una carta de tipo 2.
11281;Gran Ojo;2;/IMG/11281.png;La carta tiene número #11281 y se llama Gran Ojo siendo una carta de tipo 2.
11717;Gran Pico;2;/IMG/11717.png;La carta tiene número #11717 y se llama Gran Pico siendo una carta de tipo 2.
11156;Griffore;2;/IMG/11156.png;La carta tiene número #11156 y se llama Griffore siendo una carta de tipo 2.
11657;Griggle;2;/IMG/11657.png;La carta tiene número #11657 y se llama Griggle siendo una carta de tipo 2.
11223;Gris Oscuro;2;/IMG/11223.png;La carta tiene número #11223 y se llama Gris Oscuro siendo una carta de tipo 2.
11755;Guardia Real;2;/IMG/11755.png;La carta tiene número #11755 y se llama Guardia Real siendo una carta de tipo 2.
11151;Guardián Celta;2;/IMG/11151.png;La carta tiene número #11151 y se llama Guardián Celta siendo una carta de tipo 2.
11664;Guardián de Batalla de Lava;2;/IMG/11664.png;La carta tiene número #11664 y se llama Guardián de Batalla de Lava siendo una carta de tipo 2.
11122;Guardián de Batalla del Pantano;2;/IMG/11122.png;La carta tiene número #11122 y se llama Guardián de Batalla del Pantano siendo una carta de tipo 2.
11484;Guardián de la Puerta;2;/IMG/11484.png;La carta tiene número #11484 y se llama Guardián de la Puerta siendo una carta de tipo 2.
11623;Guardián de la Sala del Trono;2;/IMG/11623.png;La carta tiene número #11623 y se llama Guardián de la Sala del Trono siendo una carta de tipo 2.
11814;Guardián del Cráneo;2;/IMG/11814.png;La carta tiene número #11814 y se llama Guardián del Cráneo siendo una carta de tipo 2.
11346;Guardián del Laberinto;2;/IMG/11346.png;La carta tiene número #11346 y se llama Guardián del Laberinto siendo una carta de tipo 2.
11198;Guardián del Metal;2;/IMG/11198.png;La carta tiene número #11198 y se llama Guardián del Metal siendo una carta de tipo 2.
11137;2 Castor;2;/IMG/11137.png;La carta tiene número #11137 y se llama 2 Castor siendo una carta de tipo 2.
11366;2 D.D.;2;/IMG/11366.png;La carta tiene número #11366 y se llama 2 D.D. siendo una carta de tipo 2.
11210;2 de Batalla;2;/IMG/11210.png;La carta tiene número #11210 y se llama 2 de Batalla siendo una carta de tipo 2.
11153;2 de Karbonala;2;/IMG/11153.png;La carta tiene número #11153 y se llama 2 de Karbonala siendo una carta de tipo 2.
11139;2 de la Montaña;2;/IMG/11139.png;La carta tiene número #11139 y se llama 2 de la Montaña siendo una carta de tipo 2.
11728;2 de la Tradición;2;/IMG/11728.png;La carta tiene número #11728 y se llama 2 de la Tradición siendo una carta de tipo 2.
11377;2 Desconocido de los Demonios;2;/IMG/11377.png;La carta tiene número #11377 y se llama 2 Desconocido de los Demonios siendo una carta de tipo 2.
11740;2 Lagarto Antiguo;2;/IMG/11740.png;La carta tiene número #11740 y se llama 2 Lagarto Antiguo siendo una carta de tipo 2.
11566;2 Minomushi;2;/IMG/11566.png;La carta tiene número #11566 y se llama 2 Minomushi siendo una carta de tipo 2.
11656;2 Tremendo;2;/IMG/11656.png;La carta tiene número #11656 y se llama 2 Tremendo siendo una carta de tipo 2.
11124;Guía de Batalla;2;/IMG/11124.png;La carta tiene número #11124 y se llama Guía de Batalla siendo una carta de tipo 2.
11672;Gusano Aguja;2;/IMG/11672.png;La carta tiene número #11672 y se llama Gusano Aguja siendo una carta de tipo 2.
11485;Gusano del Calabozo;2;/IMG/11485.png;La carta tiene número #11485 y se llama Gusano del Calabozo siendo una carta de tipo 2.
11200;Gyakutenno Megami;2;/IMG/11200.png;La carta tiene número #11200 y se llama Gyakutenno Megami siendo una carta de tipo 2.
11734;Gyojin de Marea Alta;2;/IMG/11734.png;La carta tiene número #11734 y se llama Gyojin de Marea Alta siendo una carta de tipo 2.
11414;Hacha del Desespero;4;/IMG/11414.png;La carta tiene número #11414 y se llama Hacha del Desespero siendo una carta de tipo 4.
11174;Hacha del Tigre;2;/IMG/11174.png;La carta tiene número #11174 y se llama Hacha del Tigre siendo una carta de tipo 2.
11735;Hada de la Fuente;2;/IMG/11735.png;La carta tiene número #11735 y se llama Hada de la Fuente siendo una carta de tipo 2.
11542;Hada del Dragón de Agua;2;/IMG/11542.png;La carta tiene número #11542 y se llama Hada del Dragón de Agua siendo una carta de tipo 2.
11363;Hadabruja;2;/IMG/11363.png;La carta tiene número #11363 y se llama Hadabruja siendo una carta de tipo 2.
11812;Hamburguesa Hambrienta;2;/IMG/11812.png;La carta tiene número #11812 y se llama Hamburguesa Hambrienta siendo una carta de tipo 2.
11651;Hane-Hane;2;/IMG/11651.png;La carta tiene número #11651 y se llama Hane-Hane siendo una carta de tipo 2.
11347;Haniwa;2;/IMG/11347.png;La carta tiene número #11347 y se llama Haniwa siendo una carta de tipo 2.
11369;Hechicero Antiguo;2;/IMG/11369.png;La carta tiene número #11369 y se llama Hechicero Antiguo siendo una carta de tipo 2.
11779;Hechizo de Sombra;1;/IMG/11779.png;La carta tiene número #11779 y se llama Hechizo de Sombra siendo una carta de tipo 1.
11643;Hércules Kwagar;2;/IMG/11643.png;La carta tiene número #11643 y se llama Hércules Kwagar siendo una carta de tipo 2.
11173;Hermanas de la Dama Arpía;2;/IMG/11173.png;La carta tiene número #11173 y se llama Hermanas de la Dama Arpía siendo una carta de tipo 2.
11344;Hermosa Cazacabezas;2;/IMG/11344.png;La carta tiene número #11344 y se llama Hermosa Cazacabezas siendo una carta de tipo 2.
11220;Héroe del Este;2;/IMG/11220.png;La carta tiene número #11220 y se llama Héroe del Este siendo una carta de tipo 2.
11669;Héroe Oscillo;2;/IMG/11669.png;La carta tiene número #11669 y se llama Héroe Oscillo siendo una carta de tipo 2.
11234;Herremienta Antigua;2;/IMG/11234.png;La carta tiene número #11234 y se llama Herremienta Antigua siendo una carta de tipo 2.
11759;Hibikime;2;/IMG/11759.png;La carta tiene número #11759 y se llama Hibikime siendo una carta de tipo 2.
11267;Hierba de Fuego;2;/IMG/11267.png;La carta tiene número #11267 y se llama Hierba de Fuego siendo una carta de tipo 2.
11454;Hinotama;1;/IMG/11454.png;La carta tiene número #11454 y se llama Hinotama siendo una carta de tipo 1.
11337;Hitodenchak;2;/IMG/11337.png;La carta tiene número #11337 y se llama Hitodenchak siendo una carta de tipo 2.
11393;Holograh;2;/IMG/11393.png;La carta tiene número #11393 y se llama Holograh siendo una carta de tipo 2.
11615;Hombre Prisma;2;/IMG/11615.png;La carta tiene número #11615 y se llama Hombre Prisma siendo una carta de tipo 2.
11118;Hombre Seta;2;/IMG/11118.png;La carta tiene número #11118 y se llama Hombre Seta siendo una carta de tipo 2.
11663;Hombre Seta 2;2;/IMG/11663.png;La carta tiene número #11663 y se llama Hombre Seta 2 siendo una carta de tipo 2.
11645;Hombrekamakiri;2;/IMG/11645.png;La carta tiene número #11645 y se llama Hombrekamakiri siendo una carta de tipo 2.
11614;Hongos del Almizcle;2;/IMG/11614.png;La carta tiene número #11614 y se llama Hongos del Almizcle siendo una carta de tipo 2.
11602;Hoshiningen;2;/IMG/11602.png;La carta tiene número #11602 y se llama Hoshiningen siendo una carta de tipo 2.
11743;Huevo Alado de la Nueva Vida;2;/IMG/11743.png;La carta tiene número #11743 y se llama Huevo Alado de la Nueva Vida siendo una carta de tipo 2.
11387;Huevo de Gorgona;2;/IMG/11387.png;La carta tiene número #11387 y se llama Huevo de Gorgona siendo una carta de tipo 2.
11257;Huevo Monstruoso;2;/IMG/11257.png;La carta tiene número #11257 y se llama Huevo Monstruoso siendo una carta de tipo 2.
11284;Huracail;2;/IMG/11284.png;La carta tiene número #11284 y se llama Huracail siendo una carta de tipo 2.
11360;Hyo;2;/IMG/11360.png;La carta tiene número #11360 y se llama Hyo siendo una carta de tipo 2.
11757;Hyosube;2;/IMG/11757.png;La carta tiene número #11757 y se llama Hyosube siendo una carta de tipo 2.
11188;Incursor del Hacha;2;/IMG/11188.png;La carta tiene número #11188 y se llama Incursor del Hacha siendo una carta de tipo 2.
11693;Informe del Clima;2;/IMG/11693.png;La carta tiene número #11693 y se llama Informe del Clima siendo una carta de tipo 2.
11160;Insecto Básico;2;/IMG/11160.png;La carta tiene número #11160 y se llama Insecto Básico siendo una carta de tipo 2.
11611;Insecto Come-hombres;2;/IMG/11611.png;La carta tiene número #11611 y se llama Insecto Come-hombres siendo una carta de tipo 2.
11159;Insecto Grande;2;/IMG/11159.png;La carta tiene número #11159 y se llama Insecto Grande siendo una carta de tipo 2.
11670;Invasor de otra dimensión;2;/IMG/11670.png;La carta tiene número #11670 y se llama Invasor de otra dimensión siendo una carta de tipo 2.
11751;Invasora del Trono;2;/IMG/11751.png;La carta tiene número #11751 y se llama Invasora del Trono siendo una carta de tipo 2.
11277;Jarra Antigua;2;/IMG/11277.png;La carta tiene número #11277 y se llama Jarra Antigua siendo una carta de tipo 2.
11439;Jarra de Captura de Dragones;1;/IMG/11439.png;La carta tiene número #11439 y se llama Jarra de Captura de Dragones siendo una carta de tipo 1.
11701;Jarra de la Metamorfosis;2;/IMG/11701.png;La carta tiene número #11701 y se llama Jarra de la Metamorfosis siendo una carta de tipo 2.
11201;Jinete Místico;2;/IMG/11201.png;La carta tiene número #11201 y se llama Jinete Místico siendo una carta de tipo 2.
11202;Jinete Rabioso;2;/IMG/11202.png;La carta tiene número #11202 y se llama Jinete Rabioso siendo una carta de tipo 2.
11532;Jinzo 7;2;/IMG/11532.png;La carta tiene número #11532 y se llama Jinzo 7 siendo una carta de tipo 2.
11477;Jirai Gumo;2;/IMG/11477.png;La carta tiene número #11477 y se llama Jirai Gumo siendo una carta de tipo 2.
11143;Juez;2;/IMG/11143.png;La carta tiene número #11143 y se llama Juez siendo una carta de tipo 2.
11682;Juez Emperatriz;2;/IMG/11682.png;La carta tiene número #11682 y se llama Juez Emperatriz siendo una carta de tipo 2.
11229;Juicio Infernal;2;/IMG/11229.png;La carta tiene número #11229 y se llama Juicio Infernal siendo una carta de tipo 2.
11810;Juramento de la Ballena Fortaleza;1;/IMG/11810.png;La carta tiene número #11810 y se llama Juramento de la Ballena Fortaleza siendo una carta de tipo 1.
11807;Juramento de la Espada G4;1;/IMG/11807.png;La carta tiene número #11807 y se llama Juramento de la Espada G4 siendo una carta de tipo 1.
11802;Juramento de Tortuga;1;/IMG/11802.png;La carta tiene número #11802 y se llama Juramento de Tortuga siendo una carta de tipo 1.
11324;Kagemusha de la Llama Azul;2;/IMG/11324.png;La carta tiene número #11324 y se llama Kagemusha de la Llama Azul siendo una carta de tipo 2.
11217;Kageningen;2;/IMG/11217.png;La carta tiene número #11217 y se llama Kageningen siendo una carta de tipo 2.
11183;Kairyu - Shin;2;/IMG/11183.png;La carta tiene número #11183 y se llama Kairyu - Shin siendo una carta de tipo 2.
11492;Kaiser Rudo;2;/IMG/11492.png;La carta tiene número #11492 y se llama Kaiser Rudo siendo una carta de tipo 2.
11584;Kamen de Mar;2;/IMG/11584.png;La carta tiene número #11584 y se llama Kamen de Mar siendo una carta de tipo 2.
11225;Kamionmago;2;/IMG/11225.png;La carta tiene número #11225 y se llama Kamionmago siendo una carta de tipo 2.
11462;Kanan, la Señora de las Espadas;2;/IMG/11462.png;La carta tiene número #11462 y se llama Kanan, la Señora de las Espadas siendo una carta de tipo 2.
11561;Kanikabuto;2;/IMG/11561.png;La carta tiene número #11561 y se llama Kanikabuto siendo una carta de tipo 2.
11402;Kappa Psíquico;2;/IMG/11402.png;La carta tiene número #11402 y se llama Kappa Psíquico siendo una carta de tipo 2.
11696;Kappa Verde;2;/IMG/11696.png;La carta tiene número #11696 y se llama Kappa Verde siendo una carta de tipo 2.
11609;Kattapillar;2;/IMG/11609.png;La carta tiene número #11609 y se llama Kattapillar siendo una carta de tipo 2.
11482;Kazejin;2;/IMG/11482.png;La carta tiene número #11482 y se llama Kazejin siendo una carta de tipo 2.
11176;Kojikocy;2;/IMG/11176.png;La carta tiene número #11176 y se llama Kojikocy siendo una carta de tipo 2.
11595;Korogashi;2;/IMG/11595.png;La carta tiene número #11595 y se llama Korogashi siendo una carta de tipo 2.
11629;Kraken de Fuego;2;/IMG/11629.png;La carta tiene número #11629 y se llama Kraken de Fuego siendo una carta de tipo 2.
11180;Kraken Demonio;2;/IMG/11180.png;La carta tiene número #11180 y se llama Kraken Demonio siendo una carta de tipo 2.
11186;Krokodilus;2;/IMG/11186.png;La carta tiene número #11186 y se llama Krokodilus siendo una carta de tipo 2.
11331;Kumootoko;2;/IMG/11331.png;La carta tiene número #11331 y se llama Kumootoko siendo una carta de tipo 2.
11761;Kunai con Cadena;3;/IMG/11761.png;La carta tiene número #11761 y se llama Kunai con Cadena siendo una carta de tipo 3.
11410;Kurama;2;/IMG/11410.png;La carta tiene número #11410 y se llama Kurama siendo una carta de tipo 2.
11168;Kuriboh;2;/IMG/11168.png;La carta tiene número #11168 y se llama Kuriboh siendo una carta de tipo 2.
11590;Kuwagata a;2;/IMG/11590.png;La carta tiene número #11590 y se llama Kuwagata a siendo una carta de tipo 2.
11733;La Cosa que se Esconde en el Barro;2;/IMG/11733.png;La carta tiene número #11733 y se llama La Cosa que se Esconde en el Barro siendo una carta de tipo 2.
11625;La Estatua de la Isla Oriental;2;/IMG/11625.png;La carta tiene número #11625 y se llama La Estatua de la Isla Oriental siendo una carta de tipo 2.
11489;La Jinn, el Genio Místico de la Lámpara;2;/IMG/11489.png;La carta tiene número #11489 y se llama La Jinn, el Genio Místico de la Lámpara siendo una carta de tipo 2.
11275;La Mano del Juicio;2;/IMG/11275.png;La carta tiene número #11275 y se llama La Mano del Juicio siendo una carta de tipo 2.
11789;La Oración de Novox;1;/IMG/11789.png;La carta tiene número #11789 y se llama La Oración de Novox siendo una carta de tipo 1.
11133;La Perversa Bestia-Gusano;2;/IMG/11133.png;La carta tiene número #11133 y se llama La Perversa Bestia-Gusano siendo una carta de tipo 2.
11258;La Sombra que Controla la Oscuridad;2;/IMG/11258.png;La carta tiene número #11258 y se llama La Sombra que Controla la Oscuridad siendo una carta de tipo 2.
11262;La Sombra Roja Derretida;2;/IMG/11262.png;La carta tiene número #11262 y se llama La Sombra Roja Derretida siendo una carta de tipo 2.
11762;Laberinto Mágico;3;/IMG/11762.png;La carta tiene número #11762 y se llama Laberinto Mágico siendo una carta de tipo 3.
11591;Ladrón;2;/IMG/11591.png;La carta tiene número #11591 y se llama Ladrón siendo una carta de tipo 2.
11679;Lagartija Babeante;2;/IMG/11679.png;La carta tiene número #11679 y se llama Lagartija Babeante siendo una carta de tipo 2.
11161;Lagarto Acorazado;2;/IMG/11161.png;La carta tiene número #11161 y se llama Lagarto Acorazado siendo una carta de tipo 2.
11720;Lagarto Eléctrico;2;/IMG/11720.png;La carta tiene número #11720 y se llama Lagarto Eléctrico siendo una carta de tipo 2.
11744;Lagarto Nocturno;2;/IMG/11744.png;La carta tiene número #11744 y se llama Lagarto Nocturno siendo una carta de tipo 2.
11301;LaLa Li-Oon;2;/IMG/11301.png;La carta tiene número #11301 y se llama LaLa Li-Oon siendo una carta de tipo 2.
11238;LaMoon;2;/IMG/11238.png;La carta tiene número #11238 y se llama LaMoon siendo una carta de tipo 2.
11497;Lámpara Mística;2;/IMG/11497.png;La carta tiene número #11497 y se llama Lámpara Mística siendo una carta de tipo 2.
11166;Larva de Moth;2;/IMG/11166.png;La carta tiene número #11166 y se llama Larva de Moth siendo una carta de tipo 2.
11265;Larvas;2;/IMG/11265.png;La carta tiene número #11265 y se llama Larvas siendo una carta de tipo 2.
11507;Leghul;2;/IMG/11507.png;La carta tiene número #11507 y se llama Leghul siendo una carta de tipo 2.
11513;Leogun;2;/IMG/11513.png;La carta tiene número #11513 y se llama Leogun siendo una carta de tipo 2.
11231;León Durmiente;2;/IMG/11231.png;La carta tiene número #11231 y se llama León Durmiente siendo una carta de tipo 2.
11433;Libro de Artes Secretas;3;/IMG/11433.png;La carta tiene número #11433 y se llama Libro de Artes Secretas siendo una carta de tipo 3.
11399;Limo Cambiante;2;/IMG/11399.png;La carta tiene número #11399 y se llama Limo Cambiante siendo una carta de tipo 2.
11599;Lirio Cañón;2;/IMG/11599.png;La carta tiene número #11599 y se llama Lirio Cañón siendo una carta de tipo 2.
11273;Lisark;2;/IMG/11273.png;La carta tiene número #11273 y se llama Lisark siendo una carta de tipo 2.
11455;Llama Final;1;/IMG/11455.png;La carta tiene número #11455 y se llama Llama Final siendo una carta de tipo 1.
11302;Llave de la Maza;2;/IMG/11302.png;La carta tiene número #11302 y se llama Llave de la Maza siendo una carta de tipo 2.
11710;Llave de la Maza 2;2;/IMG/11710.png;La carta tiene número #11710 y se llama Llave de la Maza 2 siendo una carta de tipo 2.
11770;Lluvia Ácida;1;/IMG/11770.png;La carta tiene número #11770 y se llama Lluvia Ácida siendo una carta de tipo 1.
11709;Lluvia Violenta;2;/IMG/11709.png;La carta tiene número #11709 y se llama Lluvia Violenta siendo una carta de tipo 2.
11171;Lobo;2;/IMG/11171.png;La carta tiene número #11171 y se llama Lobo siendo una carta de tipo 2.
11597;Lobo de Flor;2;/IMG/11597.png;La carta tiene número #11597 y se llama Lobo de Flor siendo una carta de tipo 2.
11522;Lobo Giga-Tecnológico;2;/IMG/11522.png;La carta tiene número #11522 y se llama Lobo Giga-Tecnológico siendo una carta de tipo 2.
11551;Lubina Mecánica;2;/IMG/11551.png;La carta tiene número #11551 y se llama Lubina Mecánica siendo una carta de tipo 2.
11187;Luchador;2;/IMG/11187.png;La carta tiene número #11187 y se llama Luchador siendo una carta de tipo 2.
11429;Luna Mística;4;/IMG/11429.png;La carta tiene número #11429 y se llama Luna Mística siendo una carta de tipo 4.
11381;Luz de Megirus;2;/IMG/11381.png;La carta tiene número #11381 y se llama Luz de Megirus siendo una carta de tipo 2.
11417;Luz del Elfo;4;/IMG/11417.png;La carta tiene número #11417 y se llama Luz del Elfo siendo una carta de tipo 4.
11460;Luz Perfora-Oscuridad;1;/IMG/11460.png;La carta tiene número #11460 y se llama Luz Perfora-Oscuridad siendo una carta de tipo 1.
11314;Mabarrel;2;/IMG/11314.png;La carta tiene número #11314 y se llama Mabarrel siendo una carta de tipo 2.
11342;Madjinn Gunn;2;/IMG/11342.png;La carta tiene número #11342 y se llama Madjinn Gunn siendo una carta de tipo 2.
11323;Madoor de Aqua;2;/IMG/11323.png;La carta tiene número #11323 y se llama Madoor de Aqua siendo una carta de tipo 2.
11358;Maestro & Experto;2;/IMG/11358.png;La carta tiene número #11358 y se llama Maestro & Experto siendo una carta de tipo 2.
11540;Mago de agua;2;/IMG/11540.png;La carta tiene número #11540 y se llama Mago de agua siendo una carta de tipo 2.
11538;Mago de la Fe;2;/IMG/11538.png;La carta tiene número #11538 y se llama Mago de la Fe siendo una carta de tipo 2.
11832;Mago del Caos Negro;2;/IMG/11832.png;La carta tiene número #11832 y se llama Mago del Caos Negro siendo una carta de tipo 2.
11753;Mago del Disco;2;/IMG/11753.png;La carta tiene número #11753 y se llama Mago del Disco siendo una carta de tipo 2.
11126;Mago del Tiempo;2;/IMG/11126.png;La carta tiene número #11126 y se llama Mago del Tiempo siendo una carta de tipo 2.
11152;Mago Ilusionista sin Rostro;2;/IMG/11152.png;La carta tiene número #11152 y se llama Mago Ilusionista sin Rostro siendo una carta de tipo 2.
11688;Mago Leo;2;/IMG/11688.png;La carta tiene número #11688 y se llama Mago Leo siendo una carta de tipo 2.
11145;Mago Oscuro;2;/IMG/11145.png;La carta tiene número #11145 y se llama Mago Oscuro siendo una carta de tipo 2.
11603;Maha Vailo;2;/IMG/11603.png;La carta tiene número #11603 y se llama Maha Vailo siendo una carta de tipo 2.
11798;Mala Reacción de Simochi;3;/IMG/11798.png;La carta tiene número #11798 y se llama Mala Reacción de Simochi siendo una carta de tipo 3.
11527;Malabarista del Estallido;2;/IMG/11527.png;La carta tiene número #11527 y se llama Malabarista del Estallido siendo una carta de tipo 2.
11149;Maldición de Dragón;2;/IMG/11149.png;La carta tiene número #11149 y se llama Maldición de Dragón siendo una carta de tipo 2.
11790;Maldición del Dragón de Tres Cuernos;1;/IMG/11790.png;La carta tiene número #11790 y se llama Maldición del Dragón de Tres Cuernos siendo una carta de tipo 1.
11775;Maldición del Escudo Milenario;1;/IMG/11775.png;La carta tiene número #11775 y se llama Maldición del Escudo Milenario siendo una carta de tipo 1.
11252;Manipulador de la Llama;2;/IMG/11252.png;La carta tiene número #11252 y se llama Manipulador de la Llama siendo una carta de tipo 2.
11245;Mano del Demonio;2;/IMG/11245.png;La carta tiene número #11245 y se llama Mano del Demonio siendo una carta de tipo 2.
11247;Mano Misteriosa;2;/IMG/11247.png;La carta tiene número #11247 y se llama Mano Misteriosa siendo una carta de tipo 2.
11613;Mapache Tortuga;2;/IMG/11613.png;La carta tiene número #11613 y se llama Mapache Tortuga siendo una carta de tipo 2.
11498;Máquina del Péndulo;2;/IMG/11498.png;La carta tiene número #11498 y se llama Máquina del Péndulo siendo una carta de tipo 2.
11714;Marmota Obesa de la Infamia;2;/IMG/11714.png;La carta tiene número #11714 y se llama Marmota Obesa de la Infamia siendo una carta de tipo 2.
11403;Masaki el Espadachín Legendario;2;/IMG/11403.png;La carta tiene número #11403 y se llama Masaki el Espadachín Legendario siendo una carta de tipo 2.
11830;Máscara de Brillo y Oscuridad;2;/IMG/11830.png;La carta tiene número #11830 y se llama Máscara de Brillo y Oscuridad siendo una carta de tipo 2.
11212;Máscara de la Oscuridad;2;/IMG/11212.png;La carta tiene número #11212 y se llama Máscara de la Oscuridad siendo una carta de tipo 2.
11382;Mavelus;2;/IMG/11382.png;La carta tiene número #11382 y se llama Mavelus siendo una carta de tipo 2.
11646;Mechaleón;2;/IMG/11646.png;La carta tiene número #11646 y se llama Mechaleón siendo una carta de tipo 2.
11449;Medicina Roja;1;/IMG/11449.png;La carta tiene número #11449 y se llama Medicina Roja siendo una carta de tipo 1.
11181;Medusa;2;/IMG/11181.png;La carta tiene número #11181 y se llama Medusa siendo una carta de tipo 2.
11647;Mega Bola de Trueno;2;/IMG/11647.png;La carta tiene número #11647 y se llama Mega Bola de Trueno siendo una carta de tipo 2.
11767;Megamorfo;3;/IMG/11767.png;La carta tiene número #11767 y se llama Megamorfo siendo una carta de tipo 3.
11189;Megazowler;2;/IMG/11189.png;La carta tiene número #11189 y se llama Megazowler siendo una carta de tipo 2.
11322;Meotoko;2;/IMG/11322.png;La carta tiene número #11322 y se llama Meotoko siendo una carta de tipo 2.
11395;Merodeador Serpiente;2;/IMG/11395.png;La carta tiene número #11395 y se llama Merodeador Serpiente siendo una carta de tipo 2.
11768;Metalmorph;3;/IMG/11768.png;La carta tiene número #11768 y se llama Metalmorph siendo una carta de tipo 3.
11502;Metalzoa;2;/IMG/11502.png;La carta tiene número #11502 y se llama Metalzoa siendo una carta de tipo 2.
11270;M-2 N° 1;2;/IMG/11270.png;La carta tiene número #11270 y se llama M-2 N° 1 siendo una carta de tipo 2.
11271;M-2 N° 2;2;/IMG/11271.png;La carta tiene número #11271 y se llama M-2 N° 2 siendo una carta de tipo 2.
11420;Microbios Infames;4;/IMG/11420.png;La carta tiene número #11420 y se llama Microbios Infames siendo una carta de tipo 4.
11821;Mikazukinoyaiba;2;/IMG/11821.png;La carta tiene número #11821 y se llama Mikazukinoyaiba siendo una carta de tipo 2.
11637;Milus Radiante;2;/IMG/11637.png;La carta tiene número #11637 y se llama Milus Radiante siendo una carta de tipo 2.
11644;Minar;2;/IMG/11644.png;La carta tiene número #11644 y se llama Minar siendo una carta de tipo 2.
11652;Misairuzame;2;/IMG/11652.png;La carta tiene número #11652 y se llama Misairuzame siendo una carta de tipo 2.
11697;Mon Larvas;2;/IMG/11697.png;La carta tiene número #11697 y se llama Mon Larvas siendo una carta de tipo 2.
11287;Monstortuga;2;/IMG/11287.png;La carta tiene número #11287 y se llama Monstortuga siendo una carta de tipo 2.
11442;Montaña;3;/IMG/11442.png;La carta tiene número #11442 y se llama Montaña siendo una carta de tipo 3.
11549;Morador del Fondo;2;/IMG/11549.png;La carta tiene número #11549 y se llama Morador del Fondo siendo una carta de tipo 2.
11608;Morinphen;2;/IMG/11608.png;La carta tiene número #11608 y se llama Morinphen siendo una carta de tipo 2.
11719;Moscuchilla;2;/IMG/11719.png;La carta tiene número #11719 y se llama Moscuchilla siendo una carta de tipo 2.
11626;Muka Muka;2;/IMG/11626.png;La carta tiene número #11626 y se llama Muka Muka siendo una carta de tipo 2.
11154;Muñeca Pícara;2;/IMG/11154.png;La carta tiene número #11154 y se llama Muñeca Pícara siendo una carta de tipo 2.
11521;Murciélago;2;/IMG/11521.png;La carta tiene número #11521 y se llama Murciélago siendo una carta de tipo 2.
11355;Murciélago de Meda;2;/IMG/11355.png;La carta tiene número #11355 y se llama Murciélago de Meda siendo una carta de tipo 2.
11479;Muro de Sombra;2;/IMG/11479.png;La carta tiene número #11479 y se llama Muro de Sombra siendo una carta de tipo 2.
11476;Muro Laberinto;2;/IMG/11476.png;La carta tiene número #11476 y se llama Muro Laberinto siendo una carta de tipo 2.
11702;Musa - A;2;/IMG/11702.png;La carta tiene número #11702 y se llama Musa - A siendo una carta de tipo 2.
11253;Necrolancer el Tiempo-Señor;2;/IMG/11253.png;La carta tiene número #11253 y se llama Necrolancer el Tiempo-Señor siendo una carta de tipo 2.
11362;Nekogal 1;2;/IMG/11362.png;La carta tiene número #11362 y se llama Nekogal 1 siendo una carta de tipo 2.
11737;Nekogal 2;2;/IMG/11737.png;La carta tiene número #11737 y se llama Nekogal 2 siendo una carta de tipo 2.
11239;Nemuriko;2;/IMG/11239.png;La carta tiene número #11239 y se llama Nemuriko siendo una carta de tipo 2.
11579;Ninja 4do;2;/IMG/11579.png;La carta tiene número #11579 y se llama Ninja 4do siendo una carta de tipo 2.
11321;Niño Trueno;2;/IMG/11321.png;La carta tiene número #11321 y se llama Niño Trueno siendo una carta de tipo 2.
11648;Niwatori;2;/IMG/11648.png;La carta tiene número #11648 y se llama Niwatori siendo una carta de tipo 2.
11431;Nuzzler Malévolo;3;/IMG/11431.png;La carta tiene número #11431 y se llama Nuzzler Malévolo siendo una carta de tipo 3.
11526;Obstructor;2;/IMG/11526.png;La carta tiene número #11526 y se llama Obstructor siendo una carta de tipo 2.
11241;Octoberser;2;/IMG/11241.png;La carta tiene número #11241 y se llama Octoberser siendo una carta de tipo 2.
11506;Ocubeam;2;/IMG/11506.png;La carta tiene número #11506 y se llama Ocubeam siendo una carta de tipo 2.
11667;Ogro de Acero N° 1;2;/IMG/11667.png;La carta tiene número #11667 y se llama Ogro de Acero N° 1 siendo una carta de tipo 2.
11397;Ogro de la Sombra Negra;2;/IMG/11397.png;La carta tiene número #11397 y se llama Ogro de la Sombra Negra siendo una carta de tipo 2.
11742;Ogro de Piedra Grotto;2;/IMG/11742.png;La carta tiene número #11742 y se llama Ogro de Piedra Grotto siendo una carta de tipo 2.
11138;Ogro de Roca Grotto 1;2;/IMG/11138.png;La carta tiene número #11138 y se llama Ogro de Roca Grotto 1 siendo una carta de tipo 2.
11373;Ogro de Roca Grotto 2;2;/IMG/11373.png;La carta tiene número #11373 y se llama Ogro de Roca Grotto 2 siendo una carta de tipo 2.
11286;Ojo de Fuego;2;/IMG/11286.png;La carta tiene número #11286 y se llama Ojo de Fuego siendo una carta de tipo 2.
11465;Ojo Megasónico;2;/IMG/11465.png;La carta tiene número #11465 y se llama Ojo Megasónico siendo una carta de tipo 2.
11512;Ojo Monstruoso;2;/IMG/11512.png;La carta tiene número #11512 y se llama Ojo Monstruoso siendo una carta de tipo 2.
11668;Olla, el Truco;2;/IMG/11668.png;La carta tiene número #11668 y se llama Olla, el Truco siendo una carta de tipo 2.
11359;Omolics de Agua;2;/IMG/11359.png;La carta tiene número #11359 y se llama Omolics de Agua siendo una carta de tipo 2.
11508;Ooguchi;2;/IMG/11508.png;La carta tiene número #11508 y se llama Ooguchi siendo una carta de tipo 2.
11456;Ookazi;1;/IMG/11456.png;La carta tiene número #11456 y se llama Ookazi siendo una carta de tipo 1.
11808;Oración de la Reina de Cosmo;1;/IMG/11808.png;La carta tiene número #11808 y se llama Oración de la Reina de Cosmo siendo una carta de tipo 1.
11236;Orión, el Rey de la Batalla;2;/IMG/11236.png;La carta tiene número #11236 y se llama Orión, el Rey de la Batalla siendo una carta de tipo 2.
11750;Oruga Ácida;2;/IMG/11750.png;La carta tiene número #11750 y se llama Oruga Ácida siendo una carta de tipo 2.
11311;Oso Panda Frenético;2;/IMG/11311.png;La carta tiene número #11311 y se llama Oso Panda Frenético siendo una carta de tipo 2.
11752;Oveja Mística 1;2;/IMG/11752.png;La carta tiene número #11752 y se llama Oveja Mística 1 siendo una carta de tipo 2.
11392;Oveja Mística 2;2;/IMG/11392.png;La carta tiene número #11392 y se llama Oveja Mística 2 siendo una carta de tipo 2.
11806;Pacto de Escarabajo de la Jabalina;1;/IMG/11806.png;La carta tiene número #11806 y se llama Pacto de Escarabajo de la Jabalina siendo una carta de tipo 1.
11317;Pájaro Divertido;2;/IMG/11317.png;La carta tiene número #11317 y se llama Pájaro Divertido siendo una carta de tipo 2.
11577;Pájaro Sol Carmesí;2;/IMG/11577.png;La carta tiene número #11577 y se llama Pájaro Sol Carmesí siendo una carta de tipo 2.
11630;Pájaro Tortuga;2;/IMG/11630.png;La carta tiene número #11630 y se llama Pájaro Tortuga siendo una carta de tipo 2.
11778;Palacio Brillante;3;/IMG/11778.png;La carta tiene número #11778 y se llama Palacio Brillante siendo una carta de tipo 3.
11430;Parar la Defensa;3;/IMG/11430.png;La carta tiene número #11430 y se llama Parar la Defensa siendo una carta de tipo 3.
11228;Partidario en las Sombras;2;/IMG/11228.png;La carta tiene número #11228 y se llama Partidario en las Sombras siendo una carta de tipo 2.
11601;Pavo Real;2;/IMG/11601.png;La carta tiene número #11601 y se llama Pavo Real siendo una carta de tipo 2.
11341;Payaso de Madera;2;/IMG/11341.png;La carta tiene número #11341 y se llama Payaso de Madera siendo una carta de tipo 2.
11230;Payaso del Sueño;2;/IMG/11230.png;La carta tiene número #11230 y se llama Payaso del Sueño siendo una carta de tipo 2.
11292;Payaso Enmascarado;2;/IMG/11292.png;La carta tiene número #11292 y se llama Payaso Enmascarado siendo una carta de tipo 2.
11205;Payaso Grosero;2;/IMG/11205.png;La carta tiene número #11205 y se llama Payaso Grosero siendo una carta de tipo 2.
11391;Payaso Místico;2;/IMG/11391.png;La carta tiene número #11391 y se llama Payaso Místico siendo una carta de tipo 2.
11824;Pegaso Aladefuego;2;/IMG/11824.png;La carta tiene número #11824 y se llama Pegaso Aladefuego siendo una carta de tipo 2.
11708;Pequeña Quimera;2;/IMG/11708.png;La carta tiene número #11708 y se llama Pequeña Quimera siendo una carta de tipo 2.
11232;Pergamino de Dragón Yamatano;2;/IMG/11232.png;La carta tiene número #11232 y se llama Pergamino de Dragón Yamatano siendo una carta de tipo 2.
11340;Pescado casi crudo;2;/IMG/11340.png;La carta tiene número #11340 y se llama Pescado casi crudo siendo una carta de tipo 2.
11318;Petit Angel;2;/IMG/11318.png;La carta tiene número #11318 y se llama Petit Angel siendo una carta de tipo 2.
11310;Petit Dragón;2;/IMG/11310.png;La carta tiene número #11310 y se llama Petit Dragón siendo una carta de tipo 2.
11388;Petit Moth;2;/IMG/11388.png;La carta tiene número #11388 y se llama Petit Moth siendo una carta de tipo 2.
11550;Pez de 7 Colores;2;/IMG/11550.png;La carta tiene número #11550 y se llama Pez de 7 Colores siendo una carta de tipo 2.
11548;Pez de Metal;2;/IMG/11548.png;La carta tiene número #11548 y se llama Pez de Metal siendo una carta de tipo 2.
11617;Pez Loco;2;/IMG/11617.png;La carta tiene número #11617 y se llama Pez Loco siendo una carta de tipo 2.
11269;Pico Excavador;2;/IMG/11269.png;La carta tiene número #11269 y se llama Pico Excavador siendo una carta de tipo 2.
11627;Piedra de Arena;2;/IMG/11627.png;La carta tiene número #11627 y se llama Piedra de Arena siendo una carta de tipo 2.
11127;Pierna Derecha del Prohibido;2;/IMG/11127.png;La carta tiene número #11127 y se llama Pierna Derecha del Prohibido siendo una carta de tipo 2.
11128;Pierna Izquierda del Prohibido;2;/IMG/11128.png;La carta tiene número #11128 y se llama Pierna Izquierda del Prohibido siendo una carta de tipo 2.
11571;Pingüino de Perno;2;/IMG/11571.png;La carta tiene número #11571 y se llama Pingüino de Perno siendo una carta de tipo 2.
11471;Pingüino Volador;2;/IMG/11471.png;La carta tiene número #11471 y se llama Pingüino Volador siendo una carta de tipo 2.
11185;Planta Come-Hombres;2;/IMG/11185.png;La carta tiene número #11185 y se llama Planta Come-Hombres siendo una carta de tipo 2.
11699;Planta de Tentáculos;2;/IMG/11699.png;La carta tiene número #11699 y se llama Planta de Tentáculos siendo una carta de tipo 2.
11233;Planta Oscura;2;/IMG/11233.png;La carta tiene número #11233 y se llama Planta Oscura siendo una carta de tipo 2.
11438;Poder de Kaishin;3;/IMG/11438.png;La carta tiene número #11438 y se llama Poder de Kaishin siendo una carta de tipo 3.
11782;Polvo de Pluma de Arpía;1;/IMG/11782.png;La carta tiene número #11782 y se llama Polvo de Pluma de Arpía siendo una carta de tipo 1.
11592;Pragtical;2;/IMG/11592.png;La carta tiene número #11592 y se llama Pragtical siendo una carta de tipo 2.
11283;Preso Oscuro;2;/IMG/11283.png;La carta tiene número #11283 y se llama Preso Oscuro siendo una carta de tipo 2.
11376;Princesa de Tsurugi;2;/IMG/11376.png;La carta tiene número #11376 y se llama Princesa de Tsurugi siendo una carta de tipo 2.
11390;Protector del Trono;2;/IMG/11390.png;La carta tiene número #11390 y se llama Protector del Trono siendo una carta de tipo 2.
11825;Psico-Títere;2;/IMG/11825.png;La carta tiene número #11825 y se llama Psico-Títere siendo una carta de tipo 2.
11165;Pulga Gigante;2;/IMG/11165.png;La carta tiene número #11165 y se llama Pulga Gigante siendo una carta de tipo 2.
11209;Pumpking el Rey de los Fantasmas;2;/IMG/11209.png;La carta tiene número #11209 y se llama Pumpking el Rey de los Fantasmas siendo una carta de tipo 2.
11197;Quimera Oscura;2;/IMG/11197.png;La carta tiene número #11197 y se llama Quimera Oscura siendo una carta de tipo 2.
11447;Raigeki;1;/IMG/11447.png;La carta tiene número #11447 y se llama Raigeki siendo una carta de tipo 1.
11357;Raíz de Agua;2;/IMG/11357.png;La carta tiene número #11357 y se llama Raíz de Agua siendo una carta de tipo 2.
11739;Rata Blindada;2;/IMG/11739.png;La carta tiene número #11739 y se llama Rata Blindada siendo una carta de tipo 2.
11365;Rata de la Prevención;2;/IMG/11365.png;La carta tiene número #11365 y se llama Rata de la Prevención siendo una carta de tipo 2.
11658;Ratón de Hueso;2;/IMG/11658.png;La carta tiene número #11658 y se llama Ratón de Hueso siendo una carta de tipo 2.
11386;Rayo & Temperatura;2;/IMG/11386.png;La carta tiene número #11386 y se llama Rayo & Temperatura siendo una carta de tipo 2.
11787;Receta de Hamburguesa;1;/IMG/11787.png;La carta tiene número #11787 y se llama Receta de Hamburguesa siendo una carta de tipo 1.
11705;Reflejo de Demonio N° 1;2;/IMG/11705.png;La carta tiene número #11705 y se llama Reflejo de Demonio N° 1 siendo una carta de tipo 2.
11296;Reflejo de Demonio N° 2;2;/IMG/11296.png;La carta tiene número #11296 y se llama Reflejo de Demonio N° 2 siendo una carta de tipo 2.
11473;Regalo del Hada;2;/IMG/11473.png;La carta tiene número #11473 y se llama Regalo del Hada siendo una carta de tipo 2.
11818;Reina Cosmo;2;/IMG/11818.png;La carta tiene número #11818 y se llama Reina Cosmo siendo una carta de tipo 2.
11748;Reina de las Hojas de Otoño;2;/IMG/11748.png;La carta tiene número #11748 y se llama Reina de las Hojas de Otoño siendo una carta de tipo 2.
11370;Reina Lunar Elzaim;2;/IMG/11370.png;La carta tiene número #11370 y se llama Reina Lunar Elzaim siendo una carta de tipo 2.
11578;Reina Pájaro;2;/IMG/11578.png;La carta tiene número #11578 y se llama Reina Pájaro siendo una carta de tipo 2.
11339;Reloj de Arena de la Vida;2;/IMG/11339.png;La carta tiene número #11339 y se llama Reloj de Arena de la Vida siendo una carta de tipo 2.
11726;Reloj de Arena del Coraje;2;/IMG/11726.png;La carta tiene número #11726 y se llama Reloj de Arena del Coraje siendo una carta de tipo 2.
11773;Respiración de la luz;1;/IMG/11773.png;La carta tiene número #11773 y se llama Respiración de la luz siendo una carta de tipo 1.
11809;Resurgimiento de Dokurorider;1;/IMG/11809.png;La carta tiene número #11809 y se llama Resurgimiento de Dokurorider siendo una carta de tipo 1.
11788;Resurgimiento de Sennen Genjin;1;/IMG/11788.png;La carta tiene número #11788 y se llama Resurgimiento de Sennen Genjin siendo una carta de tipo 1.
11804;Resurrección de Chakra;1;/IMG/11804.png;La carta tiene número #11804 y se llama Resurrección de Chakra siendo una carta de tipo 1.
11368;Rey Bestia de los Pantanos;2;/IMG/11368.png;La carta tiene número #11368 y se llama Rey Bestia de los Pantanos siendo una carta de tipo 2.
11142;Rey de Dos Cabezas Rex;2;/IMG/11142.png;La carta tiene número #11142 y se llama Rey de Dos Cabezas Rex siendo una carta de tipo 2.
11681;Rey de la Jungla Dragón Negro;2;/IMG/11681.png;La carta tiene número #11681 y se llama Rey de la Jungla Dragón Negro siendo una carta de tipo 2.
11195;Rey de Yamimakai;2;/IMG/11195.png;La carta tiene número #11195 y se llama Rey de Yamimakai siendo una carta de tipo 2.
11384;Rey Fantasma del Bosque;2;/IMG/11384.png;La carta tiene número #11384 y se llama Rey Fantasma del Bosque siendo una carta de tipo 2.
11517;Rey Máquina;2;/IMG/11517.png;La carta tiene número #11517 y se llama Rey Máquina siendo una carta de tipo 2.
11605;Rey Músico;2;/IMG/11605.png;La carta tiene número #11605 y se llama Rey Músico siendo una carta de tipo 2.
11389;Rey Nebuloso;2;/IMG/11389.png;La carta tiene número #11389 y se llama Rey Nebuloso siendo una carta de tipo 2.
11279;Rey Oscuro del Abismo;2;/IMG/11279.png;La carta tiene número #11279 y se llama Rey Oscuro del Abismo siendo una carta de tipo 2.
11261;Rhaimundos de la espada roja;2;/IMG/11261.png;La carta tiene número #11261 y se llama Rhaimundos de la espada roja siendo una carta de tipo 2.
11831;Ritual de 1 Negra;1;/IMG/11831.png;La carta tiene número #11831 y se llama Ritual de 1 Negra siendo una carta de tipo 1.
11776;Ritual de Yamadron;1;/IMG/11776.png;La carta tiene número #11776 y se llama Ritual de Yamadron siendo una carta de tipo 1.
11781;Ritual de Zera;1;/IMG/11781.png;La carta tiene número #11781 y se llama Ritual de Zera siendo una carta de tipo 1.
11780;Ritual del Brillo Negro;1;/IMG/11780.png;La carta tiene número #11780 y se llama Ritual del Brillo Negro siendo una carta de tipo 1.
11784;Ritual del Espejo Bestial;1;/IMG/11784.png;La carta tiene número #11784 y se llama Ritual del Espejo Bestial siendo una carta de tipo 1.
11777;Ritual del Guardián de la Puerta;1;/IMG/11777.png;La carta tiene número #11777 y se llama Ritual del Guardián de la Puerta siendo una carta de tipo 1.
11783;Ritual del León de Guerra;1;/IMG/11783.png;La carta tiene número #11783 y se llama Ritual del León de Guerra siendo una carta de tipo 1.
11805;Ritual del Títere;1;/IMG/11805.png;La carta tiene número #11805 y se llama Ritual del Títere siendo una carta de tipo 1.
11690;Robopatrulla;2;/IMG/11690.png;La carta tiene número #11690 y se llama Robopatrulla siendo una carta de tipo 2.
11565;Roca Cañón;2;/IMG/11565.png;La carta tiene número #11565 y se llama Roca Cañón siendo una carta de tipo 2.
11765;Rompemaldiciones;1;/IMG/11765.png;La carta tiene número #11765 y se llama Rompemaldiciones siendo una carta de tipo 1.
11704;Rose Specter de Dunn;2;/IMG/11704.png;La carta tiene número #11704 y se llama Rose Specter de Dunn siendo una carta de tipo 2.
11796;Ruina Generalizada;3;/IMG/11796.png;La carta tiene número #11796 y se llama Ruina Generalizada siendo una carta de tipo 3.
11115;Ryu-Kishin;2;/IMG/11115.png;La carta tiene número #11115 y se llama Ryu-Kishin siendo una carta de tipo 2.
11487;Ryu-Kishin Energizado;2;/IMG/11487.png;La carta tiene número #11487 y se llama Ryu-Kishin Energizado siendo una carta de tipo 2.
11272;Sabiduría Manchada;2;/IMG/11272.png;La carta tiene número #11272 y se llama Sabiduría Manchada siendo una carta de tipo 2.
11144;Saggi el Payaso Oscuro;2;/IMG/11144.png;La carta tiene número #11144 y se llama Saggi el Payaso Oscuro siendo una carta de tipo 2.
11764;Salamandra;3;/IMG/11764.png;La carta tiene número #11764 y se llama Salamandra siendo una carta de tipo 3.
11481;Sanga del Trueno;2;/IMG/11481.png;La carta tiene número #11481 y se llama Sanga del Trueno siendo una carta de tipo 2.
11158;Sangan;2;/IMG/11158.png;La carta tiene número #11158 y se llama Sangan siendo una carta de tipo 2.
11659;Sapo Viscoso;2;/IMG/11659.png;La carta tiene número #11659 y se llama Sapo Viscoso siendo una carta de tipo 2.
11624;Scizzar Valiente;2;/IMG/11624.png;La carta tiene número #11624 y se llama Scizzar Valiente siendo una carta de tipo 2.
11558;Seadra, la Punzante;2;/IMG/11558.png;La carta tiene número #11558 y se llama Seadra, la Punzante siendo una carta de tipo 2.
11378;Sectario de los Secretos;2;/IMG/11378.png;La carta tiene número #11378 y se llama Sectario de los Secretos siendo una carta de tipo 2.
11264;Segadora de Fuego;2;/IMG/11264.png;La carta tiene número #11264 y se llama Segadora de Fuego siendo una carta de tipo 2.
11194;Segadora de las Cartas;2;/IMG/11194.png;La carta tiene número #11194 y se llama Segadora de las Cartas siendo una carta de tipo 2.
11437;Seguir al Viento;3;/IMG/11437.png;La carta tiene número #11437 y se llama Seguir al Viento siendo una carta de tipo 3.
11468;Seiyaryu;2;/IMG/11468.png;La carta tiene número #11468 y se llama Seiyaryu siendo una carta de tipo 2.
11813;Sengenjin;2;/IMG/11813.png;La carta tiene número #11813 y se llama Sengenjin siendo una carta de tipo 2.
11259;Señor de la Lámpara;2;/IMG/11259.png;La carta tiene número #11259 y se llama Señor de la Lámpara siendo una carta de tipo 2.
11274;Señor de Zemia;2;/IMG/11274.png;La carta tiene número #11274 y se llama Señor de Zemia siendo una carta de tipo 2.
11774;Sequía Eterna;1;/IMG/11774.png;La carta tiene número #11774 y se llama Sequía Eterna siendo una carta de tipo 1.
11556;Serpiente Aqua;2;/IMG/11556.png;La carta tiene número #11556 y se llama Serpiente Aqua siendo una carta de tipo 2.
11573;Serpiente Eléctrica;2;/IMG/11573.png;La carta tiene número #11573 y se llama Serpiente Eléctrica siendo una carta de tipo 2.
11557;Serpiente Marina Roja Gigante;2;/IMG/11557.png;La carta tiene número #11557 y se llama Serpiente Marina Roja Gigante siendo una carta de tipo 2.
11333;Serpiente Marina Rugiente;2;/IMG/11333.png;La carta tiene número #11333 y se llama Serpiente Marina Rugiente siendo una carta de tipo 2.
11700;Serpiente Picuda;2;/IMG/11700.png;La carta tiene número #11700 y se llama Serpiente Picuda siendo una carta de tipo 2.
11585;Serpiente Siniestra;2;/IMG/11585.png;La carta tiene número #11585 y se llama Serpiente Siniestra siendo una carta de tipo 2.
11361;Sirena Encantadora;2;/IMG/11361.png;La carta tiene número #11361 y se llama Sirena Encantadora siendo una carta de tipo 2.
11604;Sirena Marina del Arco Iris;2;/IMG/11604.png;La carta tiene número #11604 y se llama Sirena Marina del Arco Iris siendo una carta de tipo 2.
11134;Sirviente de la Calavera;2;/IMG/11134.png;La carta tiene número #11134 y se llama Sirviente de la Calavera siendo una carta de tipo 2.
11655;Skelgon;2;/IMG/11655.png;La carta tiene número #11655 y se llama Skelgon siendo una carta de tipo 2.
11631;Skullbird;2;/IMG/11631.png;La carta tiene número #11631 y se llama Skullbird siendo una carta de tipo 2.
11730;Snakeyashi;2;/IMG/11730.png;La carta tiene número #11730 y se llama Snakeyashi siendo una carta de tipo 2.
11338;Sobras de Madera;2;/IMG/11338.png;La carta tiene número #11338 y se llama Sobras de Madera siendo una carta de tipo 2.
11443;Sogen;3;/IMG/11443.png;La carta tiene número #11443 y se llama Sogen siendo una carta de tipo 3.
11622;Soldado Cañón;2;/IMG/11622.png;La carta tiene número #11622 y se llama Soldado Cañón siendo una carta de tipo 2.
11474;Soldado del Brillo Negro;2;/IMG/11474.png;La carta tiene número #11474 y se llama Soldado del Brillo Negro siendo una carta de tipo 2.
11184;Soldado Gigante de Piedra;2;/IMG/11184.png;La carta tiene número #11184 y se llama Soldado Gigante de Piedra siendo una carta de tipo 2.
11621;Soldado Judía;2;/IMG/11621.png;La carta tiene número #11621 y se llama Soldado Judía siendo una carta de tipo 2.
11518;Soldado Mecánico Gigante;2;/IMG/11518.png;La carta tiene número #11518 y se llama Soldado Mecánico Gigante siendo una carta de tipo 2.
11712;Soldado Pingüino;2;/IMG/11712.png;La carta tiene número #11712 y se llama Soldado Pingüino siendo una carta de tipo 2.
11588;Soldados Insectos del Cielo;2;/IMG/11588.png;La carta tiene número #11588 y se llama Soldados Insectos del Cielo siendo una carta de tipo 2.
11329;Soledad;2;/IMG/11329.png;La carta tiene número #11329 y se llama Soledad siendo una carta de tipo 2.
11291;Sombra Oscura;2;/IMG/11291.png;La carta tiene número #11291 y se llama Sombra Oscura siendo una carta de tipo 2.
11224;Sombrero Mágico Blanco;2;/IMG/11224.png;La carta tiene número #11224 y se llama Sombrero Mágico Blanco siendo una carta de tipo 2.
11483;Suijin;2;/IMG/11483.png;La carta tiene número #11483 y se llama Suijin siendo una carta de tipo 2.
11466;Súper León de Guerra;2;/IMG/11466.png;La carta tiene número #11466 y se llama Súper León de Guerra siendo una carta de tipo 2.
11756;Sustancia Pegajosa Horripilante;2;/IMG/11756.png;La carta tiene número #11756 y se llama Sustancia Pegajosa Horripilante siendo una carta de tipo 2.
11298;Synchar;2;/IMG/11298.png;La carta tiene número #11298 y se llama Synchar siendo una carta de tipo 2.
11463;Takriminos;2;/IMG/11463.png;La carta tiene número #11463 y se llama Takriminos siendo una carta de tipo 2.
11691;Takuhee;2;/IMG/11691.png;La carta tiene número #11691 y se llama Takuhee siendo una carta de tipo 2.
11480;Tanque Laberinto;2;/IMG/11480.png;La carta tiene número #11480 y se llama Tanque Laberinto siendo una carta de tipo 2.
11394;Tao el Cantor;2;/IMG/11394.png;La carta tiene número #11394 y se llama Tao el Cantor siendo una carta de tipo 2.
11514;Tatsunootoshigo;2;/IMG/11514.png;La carta tiene número #11514 y se llama Tatsunootoshigo siendo una carta de tipo 2.
11256;Templo de Cráneos;2;/IMG/11256.png;La carta tiene número #11256 y se llama Templo de Cráneos siendo una carta de tipo 2.
11711;Ternura;2;/IMG/11711.png;La carta tiene número #11711 y se llama Ternura siendo una carta de tipo 2.
11304;Terra el Terrible;2;/IMG/11304.png;La carta tiene número #11304 y se llama Terra el Terrible siendo una carta de tipo 2.
11425;Tesoros de Dragón;4;/IMG/11425.png;La carta tiene número #11425 y se llama Tesoros de Dragón siendo una carta de tipo 4.
11649;Tiburón Corrosivo;2;/IMG/11649.png;La carta tiene número #11649 y se llama Tiburón Corrosivo siendo una carta de tipo 2.
11547;Tiburón de Mar Profundo;2;/IMG/11547.png;La carta tiene número #11547 y se llama Tiburón de Mar Profundo siendo una carta de tipo 2.
11675;Tiburón Negro Devorador de Carne Humana;2;/IMG/11675.png;La carta tiene número #11675 y se llama Tiburón Negro Devorador de Carne Humana siendo una carta de tipo 2.
11303;Tigre Tortuga;2;/IMG/11303.png;La carta tiene número #11303 y se llama Tigre Tortuga siendo una carta de tipo 2.
11343;Titán Oscuro del Terror;2;/IMG/11343.png;La carta tiene número #11343 y se llama Titán Oscuro del Terror siendo una carta de tipo 2.
11276;Titiritero Misterioso;2;/IMG/11276.png;La carta tiene número #11276 y se llama Titiritero Misterioso siendo una carta de tipo 2.
11638;Togex;2;/IMG/11638.png;La carta tiene número #11638 y se llama Togex siendo una carta de tipo 2.
11215;Tomozaurio;2;/IMG/11215.png;La carta tiene número #11215 y se llama Tomozaurio siendo una carta de tipo 2.
11653;Tongyo;2;/IMG/11653.png;La carta tiene número #11653 y se llama Tongyo siendo una carta de tipo 2.
11434;Tonificación;3;/IMG/11434.png;La carta tiene número #11434 y se llama Tonificación siendo una carta de tipo 3.
11157;Torike;2;/IMG/11157.png;La carta tiene número #11157 y se llama Torike siendo una carta de tipo 2.
11559;Tortuga Blanca de 30.000 Años;2;/IMG/11559.png;La carta tiene número #11559 y se llama Tortuga Blanca de 30.000 Años siendo una carta de tipo 2.
11820;Tortuga Cangrejo;2;/IMG/11820.png;La carta tiene número #11820 y se llama Tortuga Cangrejo siendo una carta de tipo 2.
11199;Tortuga Catapulta;2;/IMG/11199.png;La carta tiene número #11199 y se llama Tortuga Catapulta siendo una carta de tipo 2.
11628;Tortuga de Roca;2;/IMG/11628.png;La carta tiene número #11628 y se llama Tortuga de Roca siendo una carta de tipo 2.
11703;Tortuga Gigante Que Se Alimenta de Llamas;2;/IMG/11703.png;La carta tiene número #11703 y se llama Tortuga Gigante Que Se Alimenta de Llamas siendo una carta de tipo 2.
11680;Trakodon;2;/IMG/11680.png;La carta tiene número #11680 y se llama Trakodon siendo una carta de tipo 2.
11799;Trampa de Inversión;3;/IMG/11799.png;La carta tiene número #11799 y se llama Trampa de Inversión siendo una carta de tipo 3.
11800;Trampa Falsa;3;/IMG/11800.png;La carta tiene número #11800 y se llama Trampa Falsa siendo una carta de tipo 3.
11793;Trampa para Osos;3;/IMG/11793.png;La carta tiene número #11793 y se llama Trampa para Osos siendo una carta de tipo 3.
11747;Trent;2;/IMG/11747.png;La carta tiene número #11747 y se llama Trent siendo una carta de tipo 2.
11769;Trompetista Alado;3;/IMG/11769.png;La carta tiene número #11769 y se llama Trompetista Alado siendo una carta de tipo 3.
11554;Turu-Purun;2;/IMG/11554.png;La carta tiene número #11554 y se llama Turu-Purun siendo una carta de tipo 2.
11123;Tyhone;2;/IMG/11123.png;La carta tiene número #11123 y se llama Tyhone siendo una carta de tipo 2.
11665;Tyhone 2;2;/IMG/11665.png;La carta tiene número #11665 y se llama Tyhone 2 siendo una carta de tipo 2.
11444;Umi;3;/IMG/11444.png;La carta tiene número #11444 y se llama Umi siendo una carta de tipo 3.
11190;Uraby;2;/IMG/11190.png;La carta tiene número #11190 y se llama Uraby siendo una carta de tipo 2.
11511;Ushi Oni;2;/IMG/11511.png;La carta tiene número #11511 y se llama Ushi Oni siendo una carta de tipo 2.
11316;Varas Largas Gemelas 1;2;/IMG/11316.png;La carta tiene número #11316 y se llama Varas Largas Gemelas 1 siendo una carta de tipo 2.
11716;Varas Largas Gemelas 2;2;/IMG/11716.png;La carta tiene número #11716 y se llama Varas Largas Gemelas 2 siendo una carta de tipo 2.
11352;Vela del Destino;2;/IMG/11352.png;La carta tiene número #11352 y se llama Vela del Destino siendo una carta de tipo 2.
11560;Vengador Kappa;2;/IMG/11560.png;La carta tiene número #11560 y se llama Vengador Kappa siendo una carta de tipo 2.
11379;Versago el Destructor;2;/IMG/11379.png;La carta tiene número #11379 y se llama Versago el Destructor siendo una carta de tipo 2.
11754;Víbora de Llama;2;/IMG/11754.png;La carta tiene número #11754 y se llama Víbora de Llama siendo una carta de tipo 2.
11771;Virus Aplastacartas;1;/IMG/11771.png;La carta tiene número #11771 y se llama Virus Aplastacartas siendo una carta de tipo 1.
11349;Vishwar Randi;2;/IMG/11349.png;La carta tiene número #11349 y se llama Vishwar Randi siendo una carta de tipo 2.
11155;Wattniño;2;/IMG/11155.png;La carta tiene número #11155 y se llama Wattniño siendo una carta de tipo 2.
11380;Wetha;2;/IMG/11380.png;La carta tiene número #11380 y se llama Wetha siendo una carta de tipo 2.
11606;Wilmee;2;/IMG/11606.png;La carta tiene número #11606 y se llama Wilmee siendo una carta de tipo 2.
11345;Wodan el Habitante del Bosque;2;/IMG/11345.png;La carta tiene número #11345 y se llama Wodan el Habitante del Bosque siendo una carta de tipo 2.
11607;Yado Karu;2;/IMG/11607.png;La carta tiene número #11607 y se llama Yado Karu siendo una carta de tipo 2.
11516;Yaiba Robo;2;/IMG/11516.png;La carta tiene número #11516 y se llama Yaiba Robo siendo una carta de tipo 2.
11467;Yamadron;2;/IMG/11467.png;La carta tiene número #11467 y se llama Yamadron siendo una carta de tipo 2.
11445;Yami;3;/IMG/11445.png;La carta tiene número #11445 y se llama Yami siendo una carta de tipo 3.
11461;Yaranzo;2;/IMG/11461.png;La carta tiene número #11461 y se llama Yaranzo siendo una carta de tipo 2.
11348;Yashinoki;2;/IMG/11348.png;La carta tiene número #11348 y se llama Yashinoki siendo una carta de tipo 2.
11441;Yermo;3;/IMG/11441.png;La carta tiene número #11441 y se llama Yermo siendo una carta de tipo 3.
11676;Yormungarde;2;/IMG/11676.png;La carta tiene número #11676 y se llama Yormungarde siendo una carta de tipo 2.
11203;Zanki;2;/IMG/11203.png;La carta tiene número #11203 y se llama Zanki siendo una carta de tipo 2.
11562;Zarigun;2;/IMG/11562.png;La carta tiene número #11562 y se llama Zarigun siendo una carta de tipo 2.
11470;Zera el Mant;2;/IMG/11470.png;La carta tiene número #11470 y se llama Zera el Mant siendo una carta de tipo 2.
11501;Zoa;2;/IMG/11501.png;La carta tiene número #11501 y se llama Zoa siendo una carta de tipo 2.
11206;Zombi Acorazado;2;/IMG/11206.png;La carta tiene número #11206 y se llama Zombi Acorazado siendo una carta de tipo 2.
11207;Zombi de Dragón;2;/IMG/11207.png;La carta tiene número #11207 y se llama Zombi de Dragón siendo una carta de tipo 2.
11249;Zombi de Plata Ojizarco;2;/IMG/11249.png;La carta tiene número #11249 y se llama Zombi de Plata Ojizarco siendo una carta de tipo 2.
11140;Zombi 2;2;/IMG/11140.png;La carta tiene número #11140 y se llama Zombi 2 siendo una carta de tipo 2.
11208;Zombi Payaso;2;/IMG/11208.png;La carta tiene número #11208 y se llama Zombi Payaso siendo una carta de tipo 2.
11307;Zombi Topo Mech;2;/IMG/11307.png;La carta tiene número #11307 y se llama Zombi Topo Mech siendo una carta de tipo 2.
11469;Zombis de Tres Piernas;2;/IMG/11469.png;La carta tiene número #11469 y se llama Zombis de Tres Piernas siendo una carta de tipo 2.
